Workbook

Sheet Kangatang

Sheet bang ho tro tien xe
A1: TRƯỜNG PTDTNT THCS-THPT TỈNH LÂM ĐỒNG
A2: QUY ĐỊNH
A3: Định mức hỗ trợ tiền xe về địa phương sau sáp nhập
A5: Xã, huyện cũ | B5: Xã, huyện mới | C5: Số tiền | D5: Ghi chú
A6: 1.Địa bàn huyện Lạc Dương cũ
A7: Đạ Sar, Lạc Dương | B7: Xã Lạc Dương | C7: 100000
A8: Đạ Chais, Lạc Dương
A9: Đạ Nhim, Lạc Dương
A10: Xã Lát, Lạc Dương | B10: Phường LangBiang | C10: 50000
A11: 2.Địa bàn huyện Đơn Dương cũ
A12: Ka Đô, Đơn Dương | B12: Xã Ka Đô | C12: 140000
A13: Lạc Lâm, Đơn Dương
A14: Đạ Ròn, Đơn Dương | B14: Xã Đơn Dương | C14: 110000
A15: Tu Tra, Đơn Dương
A16: Thạnh Mỹ, Đơn Dương
A17: Ka Đơn, Đơn Dương | B17: Xã Quảng Lập | C17: 140000
A18: Quảng Lập, Đơn Dương
A19: Pró(Quảng Lập), Đơn Dương
A20: Lạc Xuân, Đơn Dương | B20: Xã D'ran | C20: 150000
A21: D'ran, Đơn Dương
A22: 3. Địa bàn huyện Lâm Hà cũ
A23: Liên Hà, Lâm Hà | B23: Xã Tân Hà | C23: 170000
A24: Đan Phượng, Lâm Hà
A25: Hoài Đức, Lâm Hà
A26: Tân Hà, Lâm Hà
A27: Tân Thanh, Lâm Hà | B27: Xã Phúc Thọ | C27: 180000
A28: Phúc Thọ, Lâm Hà
A29: Phú Sơn, Lâm Hà | B29: Xã Phú Sơn | C29: 150000
A30: Đạ Đờn, Lâm Hà
A31: Nam Hà - Lâm Hà | B31: Xã Nam Hà | C31: 90000
A32: Phi Tô, Lâm Hà
A33: Đinh Văn, Lâm Hà | B33: Xã Đinh Văn | C33: 140000
A34: Tân Văn - Lâm Hà
A35: Bình Thạnh, Lâm Hà
A36: Nam Ban, Lâm Hà | B36: Xã Nam Ban | C36: 60000
A37: Đông Thanh, Lâm Hà
A38: Mê Linh, Lâm Hà
A39: Gia Lâm, Lâm Hà
A40: 4.Địa bàn huyện Đức Trọng cũ
A41: Liên Hiệp, Đức Trọng | B41: Xã Hiệp Thạnh | C41: 60000
A42: Hiệp An, Đức Trọng
A43: Hiệp Thạnh, Đức Trọng
A44: Liên Nghĩa, Đức Trọng | B44: Xã Đức Trọng | C44: 110000
A45: Phú Hội, Đức Trọng
A46: N' Thôl Hạ, Đức Trọng | B46: Xã Tân Hội | C46: 130000
A47: Tân Hội, Đức Trọng
A48: Tân Thành, Đức Trọng
A49: Đa Quyn, Đức Trọng | B49: Xã Tà Năng | C49: 170000
A50: Tà Năng, Đức Trọng
A51: Tà Hine, Đức Trọng | B51: Xã Tà Hine | C51: 170000
A52: Đà Loan, Đức Trọng
A53: Ninh Loan, Đức Trọng
A54: Ninh Gia, Đức Trọng | C54: 150000
A55: 5.Địa bàn huyện Di Linh cũ
A56: Tân Châu, Di Linh | B56: Xã Di Linh | C56: 200000
A57: Liên Đầm, Di Linh
A58: Gung Ré, Di Linh
A59: tt Di Linh, Di Linh
A60: Đinh Trang Hòa - Di Linh | B60: Xã Hòa Ninh | C60: 190000
A61: Hòa Ninh, Di Linh
A62: Hòa Trung, Di Linh
A63: Hòa Bắc, Di Linh | B63: Xã Hòa Bắc | C63: 220000
A64: Hòa Nam, Di Linh
A65: Tân Lâm, Di Linh | B65: Xã Đinh Trang Thượng | C65: 190000
A66: Tân Thượng, Di Linh
A67: Đinh Trang Thượng, Di Linh
A68: Đinh Lạc, Di Linh | B68: Xã Bảo Thuận | C68: 180000
A69: Bảo Thuận, Di Linh
A70: Tân Nghĩa, Di Linh
A71: Gia Bắc, Di Linh | B71: Xã Sơn Điền | C71: 230000
A72: Sơn Điền - Di Linh
A73: Gia Hiệp, Di Linh | B73: Xã Gia Hiệp | C73: 160000
A74: Tam Bố, Di Linh
A75: 6.Địa bàn huyện Đam Rông cũ
A76: Đạ K' Nàng, Đam Rông | B76: Xã Đam Rông 1 | C76: 170000
A77: Phi Liêng, Đam Rông
A78: Liêng Srônh, Đam Rông | B78: Xã Đam Rông 2 | C78: 210000
A79: Rô Men, Đam Rông
A80: Đạ Tông, Đam Rông | B80: Xã Đam Rông 4 | C80: 200000
A81: Đạ Long, Đam Rông
A82: Đưng K' Nớ, Lạc Dương
A83: Đạ M'rông, Đam Rông | B83: Xã Đam Rông 3 | C83: 230000
A84: Đạ Rsal, Đam Rông

Sheet Sheet2
A1: 7.Địa bàn khác
A2: Lộc Thắng, Bảo Lâm | C2: Xã Bảo Lâm 1 | D2: 450000 | E2: 126 | F2: =AVERAGE(E2:E4) -> 117.66667 | G2: =D2/F2 -> 3824.3626 | H2: =20000*F2*0.2 -> 470666.67
A3: Lộc Quảng, Bảo Lâm | E3: 121
A4: Lộc Ngãi, Bảo Lâm | E4: 106
A5: Lộc An, Bảo Lâm | C5: Xã Bảo Lâm 2 | D5: 410000 | E5: 98 | F5: =AVERAGE(E5:E7) -> 107 | G5: =D5/F5 -> 3831.7757 | H5: =20000*F5*0.2 -> 428000
A6: Lộc Đức, Bảo Lâm | E6: 110
A7: Tân Lạc, Bảo Lâm | B7: 240000 | E7: 113
A8: Lộc Thành, Bảo Lâm | C8: Xã Bảo Lâm 3 | D8: 480000 | E8: 119 | F8: =AVERAGE(E8:E9) -> 123.5 | G8: =D8/F8 -> 3886.6397 | H8: =20000*F8*0.2 -> 494000
A9: Lộc Nam, Bảo Lâm | E9: 128
A10: Lộc Phú, Bảo Lâm | C10: Xã Bảo Lâm 4 | D10: 520000 | E10: 138 | F10: =AVERAGE(E10:E12) -> 134.33333 | G10: =D10/F10 -> 3870.9677 | H10: =20000*F10*0.2 -> 537333.33
A11: Lộc Lâm, Bảo Lâm | E11: 135
A12: B'Lá, Bảo Lâm | E12: 130
A13: Lộc Bảo, Bảo Lâm | C13: Xã Bảo Lâm 5 | D13: 610000 | E13: 154 | F13: =AVERAGE(E13:E14) -> 157.5 | G13: =D13/F13 -> 3873.0159 | H13: =20000*F13*0.2 -> 630000
A14: Lộc Bắc, Bảo Lâm | E14: 161
A16: Quảng Thành - Gia Nghĩa - Đăk Nông cũ | B16: 240000

Sheet Sheet1
A1: Xã, huyện cũ | B1: mức chi cũ | C1: Xã, huyện mới | D1: Số tiền | E1: Số km | F1: Km trung bình | G1: số tiền đồng/km | H1: số tiền xăng 0,2 l/km
A2: 1.Địa bàn huyện Lạc Dương cũ
A3: Đạ Sar, Lạc Dương | B3: 120000 | C3: Xã Lạc Dương | D3: 100000 | E3: 19 | F3: =AVERAGE(E3:E5) -> 33 | G3: =D3/F3 -> 3030.303 | H3: =20000*F3*0.2 -> 132000
A4: Đạ Chais, Lạc Dương | B4: 160000 | E4: 48 | I4: =IF(AND(F3>=70,F3<90),60%*H3,IF(AND(F3>=50,F3<70),70%*H3,IF(AND(F3>=30,F3<50),H3*80%,50%*H3))) -> 105600
A5: Đạ Nhim, Lạc Dương | B5: 160000 | E5: 32
A6: Xã Lát, Lạc Dương | B6: 100000 | C6: Phường LangBiang | D6: 50000 | E6: 20 | F6: 20 | G6: =D6/F6 -> 2500 | H6: =20000*F6*0.2 -> 80000 | I6: =IF(F6<30,50%*H6,H6) -> 40000
A7: 2.Địa bàn huyện Đơn Dương cũ
A8: Ka Đô, Đơn Dương | B8: 200000 | C8: Xã Ka Đô | D8: 140000 | E8: 43 | F8: =ROUND(AVERAGE(E8:E9),0) -> 44 | G8: =D8/F8 -> 3181.8182 | H8: =20000*F8*0.2 -> 176000
A9: Lạc Lâm, Đơn Dương | E9: 45 | I9: =IF(AND(F8>=70,F8<90),60%*H8,IF(AND(F8>=50,F8<70),70%*H8,IF(AND(F8>=30,F8<50),H8*80%,50%*H8))) -> 140800
A10: Đạ Ròn, Đơn Dương | B10: 80000 | C10: Xã Đơn Dương | D10: 110000 | E10: 29 | F10: =ROUND(AVERAGE(E10:E12),0) -> 37 | G10: =D10/F10 -> 2972.973 | H10: =20000*F10*0.2 -> 148000
A11: Tu Tra, Đơn Dương | B11: 120000 | E11: 44 | I11: =IF(F10<30,50%*H10,IF(AND(F10>=30,F10<50),H10*80%)) -> 118400
A12: Thạnh Mỹ, Đơn Dương | E12: 39
A13: Ka Đơn, Đơn Dương | B13: 160000 | C13: Xã Quảng Lập | D13: 140000 | E13: 45 | F13: =ROUND(AVERAGE(E13:E15),0) -> 44 | G13: =D13/F13 -> 3181.8182 | H13: =20000*F13*0.2 -> 176000
A14: Quảng Lập, Đơn Dương | E14: 43 | I14: =IF(F13<30,50%*H13,IF(AND(F13>=30,F13<50),H13*80%)) -> 140800
A15: Pró(Quảng Lập), Đơn Dương | B15: 200000 | E15: 45
A16: Lạc Xuân, Đơn Dương | B16: 200000 | C16: Xã D'ran | D16: 150000 | E16: 51 | F16: =ROUND(AVERAGE(E16:E17),0) -> 53 | G16: =D16/F16 -> 2830.1887 | H16: =20000*F16*0.2 -> 212000
A17: D'ran, Đơn Dương | E17: 55 | I17: =IF(AND(F16>=70,F16<90),60%*H16,IF(AND(F16>=50,F16<70),70%*H16,IF(AND(F16>=30,F16<50),H16*80%,50%*H16))) -> 148400
A18: 3. Địa bàn huyện Lâm Hà cũ
A19: Liên Hà, Lâm Hà | B19: 200000 | C19: Xã Tân Hà | D19: 170000 | E19: 66 | F19: =AVERAGE(E19:E22) -> 62 | G19: =D19/F19 -> 2741.9355 | H19: =20000*F19*0.2 -> 248000
A20: Đan Phượng, Lâm Hà | B20: 200000 | E20: 62 | I20: =IF(AND(F19>=70,F19<90),60%*H19,IF(AND(F19>=50,F19<70),70%*H19,IF(AND(F19>=30,F19<50),H19*80%,50%*H19))) -> 173600
A21: Hoài Đức, Lâm Hà | E21: 65
A22: Tân Hà, Lâm Hà | E22: 55
A23: Tân Thanh, Lâm Hà | B23: 200000 | C23: Xã Phúc Thọ | D23: 180000 | E23: 70 | F23: =AVERAGE(E23:E24) -> 66.5 | G23: =D23/F23 -> 2706.7669 | H23: =20000*F23*0.2 -> 266000
A24: Phúc Thọ, Lâm Hà | B24: 160000 | E24: 63 | I24: =IF(AND(F23>=70,F23<90),60%*H23,IF(AND(F23>=50,F23<70),70%*H23,IF(AND(F23>=30,F23<50),H23*80%,50%*H23))) -> 186200
A25: Phú Sơn, Lâm Hà | C25: Xã Phú Sơn | D25: 150000 | E25: 60 | F25: =AVERAGE(E25:E26) -> 56.5 | G25: =D25/F25 -> 2654.8673 | H25: =20000*F25*0.2 -> 226000
A26: Đạ Đờn, Lâm Hà | B26: 120000 | E26: 53 | I26: =IF(AND(F25>=70,F25<90),60%*H25,IF(AND(F25>=50,F25<70),70%*H25,IF(AND(F25>=30,F25<50),H25*80%,50%*H25))) -> 158200
A27: Nam Hà - Lâm Hà | C27: Xã Nam Hà | D27: 90000 | E27: 30 | F27: =AVERAGE(E27:E28) -> 30.5 | G27: =D27/F27 -> 2950.8197 | H27: =20000*F27*0.2 -> 122000
A28: Phi Tô, Lâm Hà | B28: 160000 | E28: 31 | I28: =IF(AND(F27>=70,F27<90),60%*H27,IF(AND(F27>=50,F27<70),70%*H27,IF(AND(F27>=30,F27<50),H27*80%,50%*H27))) -> 97600
A29: Đinh Văn, Lâm Hà | B29: 100000 | C29: Xã Đinh Văn | D29: 140000 | E29: 45 | F29: =AVERAGE(E29:E31) -> 44 | G29: =D29/F29 -> 3181.8182 | H29: =20000*F29*0.2 -> 176000
A30: Tân Văn - Lâm Hà | B30: 200000 | E30: 48 | I30: =IF(AND(F29>=70,F29<90),60%*H29,IF(AND(F29>=50,F29<70),70%*H29,IF(AND(F29>=30,F29<50),H29*80%,50%*H29))) -> 140800
A31: Bình Thạnh, Lâm Hà | E31: 39
A32: Nam Ban, Lâm Hà | C32: Xã Nam Ban | D32: 60000 | E32: 32 | F32: =AVERAGE(E32:E35) -> 27 | G32: =D32/F32 -> 2222.2222 | H32: =20000*F32*0.2 -> 108000
A33: Đông Thanh, Lâm Hà | E33: 28 | I33: =IF(AND(F32>=70,F32<90),60%*H32,IF(AND(F32>=50,F32<70),70%*H32,IF(AND(F32>=30,F32<50),H32*80%,50%*H32))) -> 54000
A34: Mê Linh, Lâm Hà | E34: 20
A35: Gia Lâm, Lâm Hà | E35: 28
A36: 4.Địa bàn huyện Đức Trọng cũ
A37: Liên Hiệp, Đức Trọng | B37: 80000 | C37: Xã Hiệp Thạnh | D37: 60000 | E37: 29 | F37: =AVERAGE(E37:E39) -> 25.333333 | G37: =D37/F37 -> 2368.4211 | H37: =20000*F37*0.2 -> 101333.33
A38: Hiệp An, Đức Trọng | B38: 80000 | E38: 19 | I38: =IF(AND(F37>=70,F37<90),60%*H37,IF(AND(F37>=50,F37<70),70%*H37,IF(AND(F37>=30,F37<50),H37*80%,50%*H37))) -> 50666.667
A39: Hiệp Thạnh, Đức Trọng | E39: 28
A40: Liên Nghĩa, Đức Trọng | C40: Xã Đức Trọng | D40: 110000 | E40: 32 | F40: =AVERAGE(E40:E41) -> 36 | G40: =D40/F40 -> 3055.5556 | H40: =20000*F40*0.2 -> 144000
A41: Phú Hội, Đức Trọng | E41: 40 | I41: =IF(AND(F40>=70,F40<90),60%*H40,IF(AND(F40>=50,F40<70),70%*H40,IF(AND(F40>=30,F40<50),H40*80%,50%*H40))) -> 115200
A42: N' Thôl Hạ, Đức Trọng | B42: 80000 | C42: Xã Tân Hội | D42: 130000 | E42: 35 | F42: =AVERAGE(E42:E44) -> 40.333333 | G42: =D42/F42 -> 3223.1405 | H42: =20000*F42*0.2 -> 161333.33
A43: Tân Hội, Đức Trọng | E43: 40 | I43: =IF(AND(F42>=70,F42<90),60%*H42,IF(AND(F42>=50,F42<70),70%*H42,IF(AND(F42>=30,F42<50),H42*80%,50%*H42))) -> 129066.67
A44: Tân Thành, Đức Trọng | E44: 46
A45: Đa Quyn, Đức Trọng | B45: 240000 | C45: Xã Tà Năng | D45: 170000 | E45: 42 | F45: =AVERAGE(E45:E46) -> 61 | G45: =D45/F45 -> 2786.8852 | H45: =20000*F45*0.2 -> 244000
A46: Tà Năng, Đức Trọng | E46: 80 | I46: =IF(AND(F45>=70,F45<90),60%*H45,IF(AND(F45>=50,F45<70),70%*H45,IF(AND(F45>=30,F45<50),H45*80%,50%*H45))) -> 170800
A47: Tà Hine, Đức Trọng | B47: 160000 | C47: Xã Tà Hine | D47: 170000 | E47: 58 | F47: =AVERAGE(E47:E49) -> 60.666667 | G47: =D47/F47 -> 2802.1978 | H47: =20000*F47*0.2 -> 242666.67
A48: Đà Loan, Đức Trọng | B48: 160000 | E48: 64 | I48: =IF(AND(F47>=70,F47<90),60%*H47,IF(AND(F47>=50,F47<70),70%*H47,IF(AND(F47>=30,F47<50),H47*80%,50%*H47))) -> 169866.67
A49: Ninh Loan, Đức Trọng | E49: 60
A50: Ninh Gia, Đức Trọng | B50: 120000 | D50: 150000 | E50: 55 | F50: 55 | G50: =D50/F50 -> 2727.2727 | H50: =20000*F50*0.2 -> 220000 | I50: =IF(AND(F50>=70,F50<90),60%*H50,IF(AND(F50>=50,F50<70),70%*H50,IF(AND(F50>=30,F50<50),H50*80%,50%*H50))) -> 154000
A51: 5.Địa bàn huyện Di Linh cũ
A52: Tân Châu, Di Linh | B52: 140000 | C52: Xã Di Linh | D52: 200000 | E52: 83 | F52: =AVERAGE(E52:E55) -> 84 | G52: =D52/F52 -> 2380.9524 | H52: =20000*F52*0.2 -> 336000
A53: Liên Đầm, Di Linh | B53: 160000 | E53: 85 | I53: =IF(AND(F52>=70,F52<90),60%*H52,IF(AND(F52>=50,F52<70),70%*H52,IF(AND(F52>=30,F52<50),H52*80%,50%*H52))) -> 201600
A54: Gung Ré, Di Linh | B54: 200000 | E54: 91
A55: tt Di Linh, Di Linh | E55: 77
A56: Đinh Trang Hòa - Di Linh | B56: 160000 | C56: Xã Hòa Ninh | D56: 190000 | E56: 93 | F56: =AVERAGE(E56:E58) -> 95.333333 | G56: =D56/F56 -> 1993.007 | H56: =20000*F56*0.2 -> 381333.33
A57: Hòa Ninh, Di Linh | E57: 95 | I57: =IF(AND(F56>=70,F56<90),60%*H56,IF(AND(F56>=50,F56<70),70%*H56,IF(AND(F56>=30,F56<50),H56*80%,50%*H56))) -> 190666.67
A58: Hòa Trung, Di Linh | E58: 98
A59: Hòa Bắc, Di Linh | B59: 200000 | C59: Xã Hòa Bắc | D59: 220000 | E59: 108 | F59: =AVERAGE(E59:E60) -> 109.5 | G59: =D59/F59 -> 2009.1324 | H59: =20000*F59*0.2 -> 438000
A60: Hòa Nam, Di Linh | E60: 111 | I60: =IF(AND(F59>=70,F59<90),60%*H59,IF(AND(F59>=50,F59<70),70%*H59,IF(AND(F59>=30,F59<50),H59*80%,50%*H59))) -> 219000
A61: Tân Lâm, Di Linh | B61: 160000 | C61: Xã Đinh Trang Thượng | D61: 190000 | E61: 100 | F61: =AVERAGE(E61:E63) -> 96.333333 | G61: =D61/F61 -> 1972.3183 | H61: =20000*F61*0.2 -> 385333.33
A62: Tân Thượng, Di Linh | B62: 160000 | E62: 87 | I62: =IF(AND(F61>=70,F61<90),60%*H61,IF(AND(F61>=50,F61<70),70%*H61,IF(AND(F61>=30,F61<50),H61*80%,50%*H61))) -> 192666.67
A63: Đinh Trang Thượng, Di Linh | E63: 102
A64: Đinh Lạc, Di Linh | B64: 140000 | C64: Xã Bảo Thuận | D64: 180000 | E64: 73 | F64: =AVERAGE(E64:E66) -> 75.666667 | G64: =D64/F64 -> 2378.8546 | H64: =20000*F64*0.2 -> 302666.67
A65: Bảo Thuận, Di Linh | B65: 140000 | E65: 79 | I65: =IF(AND(F64>=70,F64<90),60%*H64,IF(AND(F64>=50,F64<70),70%*H64,IF(AND(F64>=30,F64<50),H64*80%,50%*H64))) -> 181600
A66: Tân Nghĩa, Di Linh | B66: 140000 | E66: 75
A67: Gia Bắc, Di Linh | B67: 240000 | C67: Xã Sơn Điền | D67: 230000 | E67: 117 | F67: =AVERAGE(E67:E68) -> 114 | G67: =D67/F67 -> 2017.5439 | H67: =20000*F67*0.2 -> 456000
A68: Sơn Điền - Di Linh | B68: 200000 | E68: 111 | I68: =IF(AND(F67>=70,F67<90),60%*H67,IF(AND(F67>=50,F67<70),70%*H67,IF(AND(F67>=30,F67<50),H67*80%,50%*H67))) -> 228000
A69: Gia Hiệp, Di Linh | C69: Xã Gia Hiệp | D69: 160000 | E69: 61 | F69: =AVERAGE(E69:E70) -> 58.5 | G69: =D69/F69 -> 2735.0427 | H69: =20000*F69*0.2 -> 234000
A70: Tam Bố, Di Linh | B70: 80000 | E70: 56 | I70: =IF(AND(F69>=70,F69<90),60%*H69,IF(AND(F69>=50,F69<70),70%*H69,IF(AND(F69>=30,F69<50),H69*80%,50%*H69))) -> 163800
A71: 6.Địa bàn huyện Đam Rông cũ
A72: Đạ K' Nàng, Đam Rông | B72: 160000 | C72: Xã Đam Rông 1 | D72: 170000 | E72: 75 | F72: =AVERAGE(E72:E73) -> 74 | G72: =D72/F72 -> 2297.2973 | H72: =20000*F72*0.2 -> 296000
A73: Phi Liêng, Đam Rông | B73: 180000 | E73: 73 | I73: =IF(AND(F72>=70,F72<90),60%*H72,IF(AND(F72>=50,F72<70),70%*H72,IF(AND(F72>=30,F72<50),H72*80%,50%*H72))) -> 177600
A74: Liêng Srônh, Đam Rông | B74: 200000 | C74: Xã Đam Rông 2 | D74: 210000 | E74: 115 | F74: =AVERAGE(E74:E75) -> 105.5 | G74: =D74/F74 -> 1990.5213 | H74: =20000*F74*0.2 -> 422000
A75: Rô Men, Đam Rông | B75: 200000 | E75: 96 | I75: =IF(AND(F74>=70,F74<90),60%*H74,IF(AND(F74>=50,F74<70),70%*H74,IF(AND(F74>=30,F74<50),H74*80%,50%*H74))) -> 211000
A76: Đạ Tông, Đam Rông | B76: 240000 | C76: Xã Đam Rông 4 | D76: 200000 | E76: 123 | F76: =AVERAGE(E76:E78) -> 97.333333 | G76: =D76/F76 -> 2054.7945 | H76: =20000*F76*0.2 -> 389333.33
A77: Đạ Long, Đam Rông | B77: 240000 | E77: 116 | I77: =IF(AND(F76>=70,F76<90),60%*H76,IF(AND(F76>=50,F76<70),70%*H76,IF(AND(F76>=30,F76<50),H76*80%,50%*H76))) -> 194666.67
A78: Đưng K' Nớ, Lạc Dương | B78: 240000 | E78: 53
A79: Đạ M'rông, Đam Rông | B79: 240000 | C79: Xã Đam Rông 3 | D79: 230000 | E79: 130 | F79: =AVERAGE(E79:E80) -> 114.5 | G79: =D79/F79 -> 2008.7336 | H79: =20000*F79*0.2 -> 458000
A80: Đạ Rsal, Đam Rông | B80: 240000 | E80: 99 | I80: =IF(AND(F79>=70,F79<90),60%*H79,IF(AND(F79>=50,F79<70),70%*H79,IF(AND(F79>=30,F79<50),H79*80%,50%*H79))) -> 229000

Sheet Sheet3
A2: Lang Biang | B2: 50000
A3: Bảo Thuận | B3: 180000
A4: Di Linh | B4: 200000
A5: D'ran | B5: 150000
A6: Đam Rông 1 | B6: 170000
A7: Đam Rông 2 | B7: 210000
A8: Đam Rông 3 | B8: 230000
A9: Đam Rông 4 | B9: 200000
A10: Đinh Trang Thượng | B10: 190000
A11: Đinh Văn | B11: 140000
A12: Đơn Dương | B12: 110000
A13: Đức Trọng | B13: 110000
... A30: Ninh Gia | B30: 150000

Sheet Sheet4
B3: Họ và tên | C3: Lớp học | D3: Xã/Phường
B4: Bon Niêng K' A Ngọc Bé | C4: 6A | D4: Xã Đam Rông 4 | E4: =IFERROR(INDEX(Sheet3!$A$2:$A$30,MATCH(TRUE,ISNUMBER(SEARCH(Sheet3!$A$2:$A$30,D4)),0)),"") | F4: =IFERROR(INDEX(Sheet3!$A$2:$A$30,MATCH(TRUE,ISNUMBER(SEARCH(Sheet3!$A$2:$A$30,Sheet4!D4)),0)),"")
B5: Phi Srônh Khánh Di | C5: 6A | D5: Phường Lang Biang - Đà Lạt | E5: =IFERROR(INDEX(Sheet3!$A$2:$A$30,MATCH(TRUE,ISNUMBER(SEARCH(Sheet3!$A$2:$A$30,D5)),0)),"")
B6: Lơ Mu Phong Đạt | C6: 6A | D6: Xã Lạc Dương | E6: =IFERROR(INDEX(Sheet3!$A$2:$A$30,MATCH(TRUE,ISNUMBER(SEARCH(Sheet3!$A$2:$A$30,D6)),0)),"")
B7: Đa Goút Ngọc Hân | C7: 6A | D7: Phường Cam Ly - Đà Lạt | E7: =IFERROR(INDEX(Sheet3!$A$2:$A$30,MATCH(TRUE,ISNUMBER(SEARCH(Sheet3!$A$2:$A$30,D7)),0)),"")
B8: Khổng Hữu Nhật Hưng | C8: 6A | D8: Xã Đam Rông 4 | E8: =IFERROR(INDEX(Sheet3!$A$2:$A$30,MATCH(TRUE,ISNUMBER(SEARCH(Sheet3!$A$2:$A$30,D8)),0)),"")
B9: Kră Jăn Inly | C9: 6A | D9: Phường Lang Biang - Đà Lạt | E9: =IFERROR(INDEX(Sheet3!$A$2:$A$30,MATCH(TRUE,ISNUMBER(SEARCH(Sheet3!$A$2:$A$30,D9)),0)),"")
B10: Kon Sơ Jack Ky | C10: 6A | D10: Xã Lạc Dương | E10: =IFERROR(INDEX(Sheet3!$A$2:$A$30,MATCH(TRUE,ISNUMBER(SEARCH(Sheet3!$A$2:$A$30,D10)),0)),"")
B11: Kơ Să Lê Bê La | C11: 6A | D11: Xã Lạc Dương | E11: =IFERROR(INDEX(Sheet3!$A$2:$A$30,MATCH(TRUE,ISNUMBER(SEARCH(Sheet3!$A$2:$A$30,D11)),0)),"")
B12: Kon Sa Mỹ Lệ | C12: 6A | D12: Xã Lạc Dương | E12: =IFERROR(INDEX(Sheet3!$A$2:$A$30,MATCH(TRUE,ISNUMBER(SEARCH(Sheet3!$A$2:$A$30,D12)),0)),"")
B13: Rơ Ông K' Lộc | C13: 6A | D13: Phường Lang Biang - Đà Lạt | E13: =IFERROR(INDEX(Sheet3!$A$2:$A$30,MATCH(TRUE,ISNUMBER(SEARCH(Sheet3!$A$2:$A$30,D13)),0)),"")
B14: Rơ Ông Kim Luôn | C14: 6A | D14: Xã Đam Rông 4 | E14: =IFERROR(INDEX(Sheet3!$A$2:$A$30,MATCH(TRUE,ISNUMBER(SEARCH(Sheet3!$A$2:$A$30,D14)),0)),"")
B15: Rơ Ông K' Mã | C15: 6A | D15: Xã Đam Rông 4 | E15: =IFERROR(INDEX(Sheet3!$A$2:$A$30,MATCH(TRUE,ISNUMBER(SEARCH(Sheet3!$A$2:$A$30,D15)),0)),"")
B16: Bon Dơng Ja Min | C16: 6A | D16: Xã Lạc Dương | E16: =IFERROR(INDEX(Sheet3!$A$2:$A$30,MATCH(TRUE,ISNUMBER(SEARCH(Sheet3!$A$2:$A$30,D16)),0)),"")
... B592: Mbon K' Bền | C592: 12C2 | D592: Xã Đam Rông 4 | E592: =IFERROR(INDEX(Sheet3!$A$2:$A$30,MATCH(TRUE,ISNUMBER(SEARCH(Sheet3!$A$2:$A$30,D592)),0)),"")
B593: Bơ Nah Ria Nai Chi | C593: 12C2 | E593: =IFERROR(INDEX(Sheet3!$A$2:$A$30,MATCH(TRUE,ISNUMBER(SEARCH(Sheet3!$A$2:$A$30,D593)),0)),"")
B594: Ka Bùi Thị Quỳnh Chi | C594: 12C2 | D594: Xã Đinh Trang Thượng | E594: =IFERROR(INDEX(Sheet3!$A$2:$A$30,MATCH(TRUE,ISNUMBER(SEARCH(Sheet3!$A$2:$A$30,D594)),0)),"")
B595: Ma La Chi | C595: 12C2 | D595: Xã Đơn Dương | E595: =IFERROR(INDEX(Sheet3!$A$2:$A$30,MATCH(TRUE,ISNUMBER(SEARCH(Sheet3!$A$2:$A$30,D595)),0)),"")
B596: Rơ Ông Ha Chương | C596: 12C2 | D596: Xã Đam Rông 4 | E596: =IFERROR(INDEX(Sheet3!$A$2:$A$30,MATCH(TRUE,ISNUMBER(SEARCH(Sheet3!$A$2:$A$30,D596)),0)),"")
B597: Cil Múp K' Điều | C597: 12C2 | D597: Xã Đam Rông 4 | E597: =IFERROR(INDEX(Sheet3!$A$2:$A$30,MATCH(TRUE,ISNUMBER(SEARCH(Sheet3!$A$2:$A$30,D597)),0)),"")
B598: Lơ Mu K' Get | C598: 12C2 | D598: Xã Phú Sơn Lâm Hà | E598: =IFERROR(INDEX(Sheet3!$A$2:$A$30,MATCH(TRUE,ISNUMBER(SEARCH(Sheet3!$A$2:$A$30,D598)),0)),"")
B599: Nah Ria Nai Hạnh | C599: 12C2 | D599: Xã Đơn Dương | E599: =IFERROR(INDEX(Sheet3!$A$2:$A$30,MATCH(TRUE,ISNUMBER(SEARCH(Sheet3!$A$2:$A$30,D599)),0)),"")
B600: Dơng Gur K' Hằng | C600: 12C2 | D600: Xã Đam Rông 4 | E600: =IFERROR(INDEX(Sheet3!$A$2:$A$30,MATCH(TRUE,ISNUMBER(SEARCH(Sheet3!$A$2:$A$30,D600)),0)),"")
B601: Lương Thị Hằng | C601: 12C2 | D601: Xã Phúc Thọ Lâm Hà | E601: =IFERROR(INDEX(Sheet3!$A$2:$A$30,MATCH(TRUE,ISNUMBER(SEARCH(Sheet3!$A$2:$A$30,D601)),0)),"")
B602: Nưng Sang Ka Hồng | C602: 12C2 | D602: Xã Ka Đô | E602: =IFERROR(INDEX(Sheet3!$A$2:$A$30,MATCH(TRUE,ISNUMBER(SEARCH(Sheet3!$A$2:$A$30,D602)),0)),"")
B603: Đơng Gur Biu- Ling | C603: 12C2 | D603: Xã Lạc Dương | E603: =IFERROR(INDEX(Sheet3!$A$2:$A$30,MATCH(TRUE,ISNUMBER(SEARCH(Sheet3!$A$2:$A$30,D603)),0)),"")
B604: Sohao Thuỳ Linh | C604: 12C2 | D604: Xã Ka Đô | E604: =IFERROR(INDEX(Sheet3!$A$2:$A$30,MATCH(TRUE,ISNUMBER(SEARCH(Sheet3!$A$2:$A$30,D604)),0)),"")
B605: Rơ Ông Thô Ma | C605: 12C2 | D605: Xã Đam Rông 4 | E605: =IFERROR(INDEX(Sheet3!$A$2:$A$30,MATCH(TRUE,ISNUMBER(SEARCH(Sheet3!$A$2:$A$30,D605)),0)),"")
... B612: Nưng Sang Phương | C612: 12C2 | D612: Xã D'Ran | E612: =IFERROR(INDEX(Sheet3!$A$2:$A$30,MATCH(TRUE,ISNUMBER(SEARCH(Sheet3!$A$2:$A$30,D612)),0)),"")
B613: Thang Nai Quỳnh | C613: 12C2 | E613: =IFERROR(INDEX(Sheet3!$A$2:$A$30,MATCH(TRUE,ISNUMBER(SEARCH(Sheet3!$A$2:$A$30,D613)),0)),"")
B614: Liêng Hót Na Sôn | C614: 12C2 | D614: Phường Lang Biang - Đà Lạt | E614: =IFERROR(INDEX(Sheet3!$A$2:$A$30,MATCH(TRUE,ISNUMBER(SEARCH(Sheet3!$A$2:$A$30,D614)),0)),"")
B615: Bơ Ju Quyết Tâm | C615: 12C2 | D615: Xã Đơn Dương | E615: =IFERROR(INDEX(Sheet3!$A$2:$A$30,MATCH(TRUE,ISNUMBER(SEARCH(Sheet3!$A$2:$A$30,D615)),0)),"")
B616: Ka Thu | C616: 12C2 | D616: Xã Sơn Điền | E616: =IFERROR(INDEX(Sheet3!$A$2:$A$30,MATCH(TRUE,ISNUMBER(SEARCH(Sheet3!$A$2:$A$30,D616)),0)),"")
B617: Long Dưng K' Thuệ | C617: 12C2 | D617: Xã Đam Rông 4 | E617: =IFERROR(INDEX(Sheet3!$A$2:$A$30,MATCH(TRUE,ISNUMBER(SEARCH(Sheet3!$A$2:$A$30,D617)),0)),"")
B618: Rơ Ông K' Thúy | C618: 12C2 | D618: Phường Lang Biang - Đà Lạt | E618: =IFERROR(INDEX(Sheet3!$A$2:$A$30,MATCH(TRUE,ISNUMBER(SEARCH(Sheet3!$A$2:$A$30,D618)),0)),"")
B619: Ka' Thụy | C619: 12C2 | D619: Xã Đinh Trang Thượng | E619: =IFERROR(INDEX(Sheet3!$A$2:$A$30,MATCH(TRUE,ISNUMBER(SEARCH(Sheet3!$A$2:$A$30,D619)),0)),"")
B620: Nai Ý | C620: 12C2 | D620: Xã Ka Đô | E620: =IFERROR(INDEX(Sheet3!$A$2:$A$30,MATCH(TRUE,ISNUMBER(SEARCH(Sheet3!$A$2:$A$30,D620)),0)),"")
B621: Nông Thị Kim Anh | C621: 12C3 | D621: Xã Phúc Thọ Lâm Hà | E621: =IFERROR(INDEX(Sheet3!$A$2:$A$30,MATCH(TRUE,ISNUMBER(SEARCH(Sheet3!$A$2:$A$30,D621)),0)),"")
B622: Ka Nguyễn Ngọc Ánh | C622: 12C3 | D622: Xã Đinh Trang Thượng | E622: =IFERROR(INDEX(Sheet3!$A$2:$A$30,MATCH(TRUE,ISNUMBER(SEARCH(Sheet3!$A$2:$A$30,D622)),0)),"")
B623: Ria Jong Brờn | C623: 12C3 | D623: Xã Đơn Dương | E623: =IFERROR(INDEX(Sheet3!$A$2:$A$30,MATCH(TRUE,ISNUMBER(SEARCH(Sheet3!$A$2:$A$30,D623)),0)),"")
B624: K' Quỳnh Chi | C624: 12C3 | D624: Xã Đam Rông 2 | E624: =IFERROR(INDEX(Sheet3!$A$2:$A$30,MATCH(TRUE,ISNUMBER(SEARCH(Sheet3!$A$2:$A$30,D624)),0)),"")
B625: K' Dẻo | C625: 12C3 | D625: Xã Đam Rông 1 | E625: =IFERROR(INDEX(Sheet3!$A$2:$A$30,MATCH(TRUE,ISNUMBER(SEARCH(Sheet3!$A$2:$A$30,D625)),0)),"")
... B646: Ka Vy | C646: 12C3 | D646: Xã Đinh Trang Thượng | E646: =IFERROR(INDEX(Sheet3!$A$2:$A$30,MATCH(TRUE,ISNUMBER(SEARCH(Sheet3!$A$2:$A$30,D646)),0)),"")
