Workbook

Sheet Tài khoản, Tiền xe
J1: Tài khoản, Tiên xe
J2: Ngày
A3: =COUNTA(A6:A650) -> 645 | B3: =COUNTIF(B6:B630,"?") -> 0 | C3: =COUNTA(C6:C650) -> 645 | D3: =COUNTA(D6:D630) -> 0 | E3: =COUNTA(E6:E630) -> 62 | J3: Thứ
A4: STT | B4: KT lớp | E4: =COUNTA(F6:F650) -> 645 | F4: Lớp | G4: Mã học sinh | H4: Mã MOET | I4: Số định danh | J4: Họ và tên | K4: Số tài khoản | L4: Ngân hàng | N4: Địa chỉ (nơi ở) | Q4: Khoảng cách từ nhà đến trường | R4: Tên trạm xe buýt gần nhà | S4: Cách di chuyển từ trường về nhà và ngược lại:
B5: =COUNTA(B6:B650) -> 107 | E5: STT | N5: Địa chỉ (nơi ở) theo tên xã mới | O5: xã mới | P5: hỗ trợ tiền xe | Q5: Đơn vị tính: Km
A6: 1 | B6: =IF(C6<>F6,"?","") | C6: 6A | E6: 1 | F6: 6A | G6: 2005929926 | J6: Bon Niêng K' A Ngọc Bé
A7: 2 | B7: =IF(C7<>F7,"?","") | C7: 6A | E7: 2 | F7: 6A | G7: 2005987563 | J7: Phi Srônh Khánh Di
A8: 3 | B8: =IF(C8<>F8,"?","") | C8: 6A | E8: 3 | F8: 6A | G8: 2007861016 | J8: Lơ Mu Phong Đạt
A9: 4 | B9: =IF(C9<>F9,"?","") | C9: 6A | E9: 4 | F9: 6A | G9: 2007275982 | J9: Đa Goút Ngọc Hân
A10: 5 | B10: =IF(C10<>F10,"?","") | C10: 6A | E10: 5 | F10: 6A | G10: 2005932767 | J10: Khổng Hữu Nhật Hưng
A11: 6 | B11: =IF(C11<>F11,"?","") | C11: 6A | E11: 6 | F11: 6A | G11: 2005987564 | J11: Kră Jăn Inly
A12: 7 | B12: =IF(C12<>F12,"?","") | C12: 6A | E12: 7 | F12: 6A | G12: 2007861253 | J12: Kon Sơ Jack Ky
A13: 8 | B13: =IF(C13<>F13,"?","") | C13: 6A | E13: 8 | F13: 6A | G13: 2007282084 | J13: Kơ Să Lê Bê La
A14: 9 | B14: =IF(C14<>F14,"?","") | C14: 6A | E14: 9 | F14: 6A | G14: 2007771303 | J14: Kon Sa Mỹ Lệ
A15: 10 | B15: =IF(C15<>F15,"?","") | C15: 6A | E15: 10 | F15: 6A | G15: 2005987566 | J15: Rơ Ông K' Lộc
A16: 11 | B16: =IF(C16<>F16,"?","") | C16: 6A | E16: 11 | F16: 6A | G16: 2005929465 | J16: Rơ Ông Kim Luôn
A17: 12 | B17: =IF(C17<>F17,"?","") | C17: 6A | E17: 12 | F17: 6A | G17: 2005929092 | J17: Rơ Ông K' Mã
... A34: 28 | B34: =IF(C34<>F34,"?","") | C34: 6A | E34: 29 | F34: 6A | G34: 2007290534 | J34: Liêng Jrang Lệ Trinh
A35: 29 | B35: =IF(C35<>F35,"?","") | C35: 6B | E35: 1 | F35: 6B | G35: 2005925205 | J35: Trương Văn An | N35: Thôn 2, Đam Rông 4, Lâm Đồng
A36: 30 | B36: =IF(C36<>F36,"?","") | C36: 6B | E36: 2 | F36: 6B | G36: 2007291610 | J36: Kră Jăn Ngọc Ánh | Q36: 30km | R36: không có | S36: xe máy
A37: 31 | B37: =IF(C37<>F37,"?","") | C37: 6B | E37: 3 | F37: 6B | G37: 2005985972 | J37: Liêng Hót Dêbôra | Q37: 24km | R37: không có | S37: xe máy
A38: 32 | B38: =IF(C38<>F38,"?","") | C38: 6B | E38: 4 | F38: 6B | G38: 2005927229 | J38: Bon Niêng K' Gưm | Q38: 60km | R38: không có | S38: xe máy
A39: 33 | B39: =IF(C39<>F39,"?","") | C39: 6B | E39: 5 | F39: 6B | G39: 2006153308 | J39: Đà Cắt K' Na Hi | Q39: 27km | R39: không có | S39: xe máy
A40: 34 | B40: =IF(C40<>F40,"?","") | C40: 6B | E40: 6 | F40: 6B | G40: 2006027380 | J40: Chu Nhật Huy
A41: 35 | B41: =IF(C41<>F41,"?","") | C41: 6B | E41: 7 | F41: 6B | G41: 2009200496 | J41: Lơ Mu Julia | Q41: 15km | R41: không có | S41: xe máy
A42: 36 | B42: =IF(C42<>F42,"?","") | C42: 6B | E42: 8 | F42: 6B | G42: 2005930679 | J42: Cil Múp Ja Kốp | Q42: 60km | R42: không có | S42: xe máy
A43: 37 | B43: =IF(C43<>F43,"?","") | C43: 6B | E43: 9 | F43: 6B | G43: 2007291628 | J43: Lơ Mu Shay La
A44: 38 | B44: =IF(C44<>F44,"?","") | C44: 6B | E44: 10 | F44: 6B | G44: 2007780281 | J44: Sơ Ao Ha Su Len
A45: 39 | B45: =IF(C45<>F45,"?","") | C45: 6B | E45: 11 | F45: 6B | G45: 2007269044 | J45: Cil Múp Linđa | Q45: 18km | R45: không có | S45: xe máy
A46: 40 | B46: =IF(C46<>F46,"?","") | C46: 6B | E46: 12 | F46: 6B | G46: 2007260129 | J46: Rơ Ông K Lu-y
A47: 41 | B47: =IF(C47<>F47,"?","") | C47: 6B | E47: 13 | F47: 6B | G47: 2007269046 | J47: Cil Múp Kê Ly | Q47: 18km | R47: không có | S47: xe máy
A48: 42 | B48: =IF(C48<>F48,"?","") | C48: 6B | E48: 14 | F48: 6B | G48: 2007104103 | J48: Bonnơr Thảo Mi | Q48: 15km | R48: không có | S48: xe máy
A49: 43 | B49: =IF(C49<>F49,"?","") | C49: 6B | E49: 15 | F49: 6B | G49: 2007291640 | J49: Lơ Mu Na Ham My
A50: 44 | B50: =IF(C50<>F50,"?","") | C50: 6B | E50: 16 | F50: 6B | G50: 2007265923 | J50: Kon Sơ Ly Na | Q50: 57km | R50: không có | S50: xe máy
A51: 45 | B51: =IF(C51<>F51,"?","") | C51: 6B | E51: 17 | F51: 6B | G51: 2007861497 | J51: Sơ Ao Su Nét
A52: 46 | B52: =IF(C52<>F52,"?","") | C52: 6B | E52: 18 | F52: 6B | G52: 2006153301 | J52: Kơ Să Phương Nghi | Q52: 27km | R52: không có | S52: xe máy
A53: 47 | B53: =IF(C53<>F53,"?","") | C53: 6B | E53: 19 | F53: 6B | G53: 2005985964 | J53: Liêng Hót Khánh Ngọc | Q53: 24km | R53: không có | S53: xe máy
A54: 48 | B54: =IF(C54<>F54,"?","") | C54: 6B | E54: 20 | F54: 6B | G54: 2005926081 | J54: Ka Să Sa Nia | Q54: 15km | R54: không có | S54: xe máy
A55: 49 | B55: =IF(C55<>F55,"?","") | C55: 6B | E55: 21 | F55: 6B | G55: 2006028162 | J55: Rơ Ông E Rin | Q55: 50km | R55: không có | S55: xe máy
A56: 50 | B56: =IF(C56<>F56,"?","") | C56: 6B | E56: 22 | F56: 6B | G56: 2009200511 | J56: Da Gout Saphy | Q56: 12km | R56: không có | S56: xe máy
A57: 51 | B57: =IF(C57<>F57,"?","") | C57: 6B | E57: 23 | F57: 6B | G57: 2007266634 | J57: Kon Sa Ki Te
A58: 52 | B58: =IF(C58<>F58,"?","") | C58: 6B | E58: 24 | F58: 6B | G58: 2005918394 | J58: Cil Múp Ê Sơ Tê | Q58: 60km | R58: không có | S58: xe máy
A59: 53 | B59: =IF(C59<>F59,"?","") | C59: 6B | E59: 25 | F59: 6B | G59: 2007278678 | J59: Cil Nhất Thùy | Q59: 15km | R59: không có | S59: xe máy
A60: 55 | B60: =IF(C60<>F60,"?","") | C60: 6B | E60: 26 | F60: 6B | G60: 2007282101 | J60: Kon Sa Trần Huyền Trang | Q60: 20km | R60: Tân Hà, Đạ Nhim | S60: xe máy
A61: 57 | B61: =IF(C61<>F61,"?","") | C61: 6B | E61: 28 | F61: 6B | G61: 2007245142 | J61: Da Cat Đô Yan | Q61: 15km | R61: không có | S61: xe máy
A62: 58 | B62: =IF(C62<>F62,"?","") | C62: 7A | F62: 7A | G62: 2003011968 | H62: 6870987192 | J62: Kră Jẵn Da Lia A | N62: Thôn 1 - xã Lạc Dương - Lâm Đồng | Q62: 20 | S62: xe máy
A63: 59 | B63: =IF(C63<>F63,"?","") | C63: 7A | F63: 7A | G63: 2007266660 | H63: 6839557963 | J63: Da Góut Lê An | N63: TDP Đan Kia - Phường LangBiang Đà Lạt - Lâm Đồng | Q63: 18 | S63: Xe máy
A64: 60 | B64: =IF(C64<>F64,"?","") | C64: 7A | F64: 7A | G64: 2003016149 | H64: 6884337059 | J64: Ntôl Bùi Thiên Ân | N64: Thôn Kno 1 - xã Đam Rông 4 - Lâm Đồng | Q64: 58 | S64: Xe máy
A65: 61 | B65: =IF(C65<>F65,"?","") | C65: 7A | F65: 7A | G65: 2003015070 | H65: 6884337061 | J65: Kơ Să Catherine | N65: Thôn Đa Hoa - xã Lạc Dương - Lâm Đồng | Q65: 35 | S65: Xe máy
A66: 62 | B66: =IF(C66<>F66,"?","") | C66: 7A | F66: 7A | G66: 2003007509 | H66: 6884337062 | J66: Kon Sơ Minh Châu | N66: Thôn Tu Poh - xã Lạc Dương - Lâm Đồng | Q66: 50 | S66: Xe máy
A67: 63 | B67: =IF(C67<>F67,"?","") | C67: 7A | F67: 7A | G67: 2007266667 | H67: 6839561127 | J67: Cil Múp La Dy | N67: TDP Đan Kia - Phường LangBiang Đà Lạt - Lâm Đồng | Q67: 18 | S67: Xe máy
A68: 64 | B68: =IF(C68<>F68,"?","") | C68: 7A | F68: 7A | G68: 2003014813 | H68: 6857524934 | J68: Kơ Să Hê Grin | N68: Thôn Đa Hoa - xã Lạc Dương - Lâm Đồng | Q68: 35 | S68: Xe máy
A69: 65 | B69: =IF(C69<>F69,"?","") | C69: 7A | F69: 7A | G69: 2003016195 | H69: 6884337063 | J69: Dơng Gur Si Kha | N69: Thôn Lán Tranh - xã Lạc Dương - Lâm Đồng | Q69: 50 | S69: Xe máy
A70: 66 | B70: =IF(C70<>F70,"?","") | C70: 7A | F70: 7A | G70: 2003007491 | H70: 6878019274 | J70: Kơ Să Nông Tiến Khoa | N70: Thôn Đông Mang - xã Lạc Dương - Lâm Đồng | Q70: 45 | S70: Xe máy
A71: 67 | B71: =IF(C71<>F71,"?","") | C71: 7A | F71: 7A | G71: 2003016199 | H71: 6884337064 | J71: Kon Sa The Kô | N71: Thôn Lán Tranh - xã Lạc Dương - Lâm Đồng | Q71: 50 | S71: Xe máy
A72: 68 | B72: =IF(C72<>F72,"?","") | C72: 7A | F72: 7A | G72: 2001227492 | H72: 6878153419 | J72: Dơng Gur Ha Krơng | N72: Thôn Cổng Trời - phường Cam Ly Đà Lạt - Lâm Đồng | Q72: 30 | S72: Xe máy
A73: 69 | B73: =IF(C73<>F73,"?","") | C73: 7A | F73: 7A | G73: 2007250577 | H73: 6844474140 | J73: Klong Như Lan | N73: TDP Tà Nung 3 - Phường Cam Ly Đà Lạt - Lâm Đồng | Q73: 15 | S73: Xe máy
... A90: 86 | B90: =IF(C90<>F90,"?","") | C90: 7A | F90: 7A | G90: 2003014922 | H90: 6841189638 | J90: Cil Yũ K' Hải Yến | N90: Thôn Đa Blah- xã Lạc Dương - Lâm Đồng | Q90: 35 | S90: Xe máy
A91: 87 | C91: 7B | F91: 7B | G91: 2007266665 | H91: 6884660085 | J91: Kră Jañ Ra Chel | K91: Không dùng | N91: Đan Kia- Phường Lang Biang- Đà Lạt | Q91: 12 km | R91: Không đi xe buýt
A92: 88 | C92: 7B | F92: 7B | G92: 2003016118 | H92: 6884337184 | J92: Cil Múp MyRinDa | K92: Không dùng | N92: Thôn 1- Đam Rông 4 | Q92: 52 km | R92: Không đi xe buýt
A93: 89 | C93: 7B | F93: 7B | G93: 2003016112 | H93: 6884337185 | J93: Ntôl Ha Dân | K93: Không dùng | N93: Thôn 1- Đam Rông 4 | Q93: 52 km | R93: Không đi xe buýt
A94: 90 | C94: 7B | F94: 7B | G94: 2003012369 | H94: 6870987105 | J94: Kră Jăn K' Linh Đan | K94: Không dùng | N94: Thôn 1- Đa Sar- Lạc Dương | Q94: 20 km | R94: Không đi xe buýt
A95: 91 | C95: 7B | F95: 7B | G95: 2006164505 | H95: 6884337186 | J95: K' Hi | K95: Không dùng | N95: Păng Tiêng- Phường Lang Biang- Đà Lạt | R95: Không đi xe buýt
A96: 92 | C96: 7B | F96: 7B | G96: 2003015048 | H96: 6841422869 | J96: Cao Kon Sơ Song Hỉ | K96: Không dùng | N96: Thôn ĐaBla- Lạc Dương | Q96: 19 km | R96: Không đi xe buýt
A97: 93 | C97: 7B | F97: 7B | G97: 2006153764 | H97: 6884337188 | J97: Liêng Hót Jêrôham | K97: Không dùng | N97: Đạ Nghịt- Phường Lang Biang- Đà Lạt | Q97: 34 km | R97: Không đi xe buýt
A98: 94 | C98: 7B | F98: 7B | G98: 2003015002 | H98: 6841201362 | J98: Lơ Mu Re Joice | K98: Không dùng | N98: Thôn ĐạTro - Xã Lạc Dương | Q98: 24 km | R98: Không đi xe buýt
A99: 95 | C99: 7B | F99: 7B | G99: 2003016104 | H99: 6803388754 | J99: Lê Võ Thiên Kim | K99: Không dùng | N99: Thôn 2- Đam Rông 4 | Q99: 52 km | R99: Không đi xe buýt
A100: 96 | C100: 7B | F100: 7B | G100: 2007266955 | H100: 6844474194 | J100: Pang Ting Trần Xuân Lam | K100: Không dùng | N100: Thôn 5- Phường Cam Ly- Đà Lạt | Q100: 14 km | R100: Không đi xe buýt
A101: 97 | C101: 7B | F101: 7B | G101: 2003011892 | H101: 6801561613 | J101: Klong Hà Hải Luân | K101: Không dùng | N101: Thôn 5- Đa sar- Lạc Dương | R101: Không đi xe buýt
A102: 98 | C102: 7B | F102: 7B | G102: 2003007481 | H102: 6843769404 | J102: Cil Nguyễn Xuân Lưu | K102: Không dùng | N102: Thôn Klong klanh - Xã Lạc Dương | Q102: 43,7 km | R102: Không đi xe buýt
A103: 99 | C103: 7B | F103: 7B | G103: 2006163691 | H103: 6884337189 | J103: Rơ Ông Lynét | K103: Không dùng | N103: Păng Tiêng- Phường Lang Biang- Đà Lạt | Q103: 19,8 km | R103: Không đi xe buýt
A104: 100 | C104: 7B | F104: 7B | G104: 2003015010 | H104: 6884337190 | J104: Đạ Kriêng K Ngis | K104: Không dùng | N104: Liêng Bông- Lạc Dương | R104: Không đi xe buýt
A105: 101 | C105: 7B | F105: 7B | G105: 2003008018 | H105: 6841440141 | J105: Sơ Kết K Nhị | K105: Không dùng | N105: Thôn Đơng K Si- Lạc Dương | R105: Không đi xe buýt
A106: 102 | C106: 7B | F106: 7B | G106: 2006153770 | H106: 6884337191 | J106: Klong K' Như | K106: Không dùng | N106: Đạ Nghịt- Phường Lang Biang- Đà Lạt | Q106: 21,3 km | R106: Không đi xe buýt
A107: 103 | C107: 7B | F107: 7B | G107: 2007266676 | H107: 6839575309 | J107: Cil Nguyên Ninh | K107: Không dùng | N107: Đan Kia- Phường Lang Biang- Đà Lạt | Q107: 12 km | R107: Không đi xe buýt
A108: 104 | C108: 7B | F108: 7B | G108: 2007300705 | H108: 6855815186 | J108: Kră Jẵn Long Phụng | K108: Không dùng | N108: Tổ 12, Thôn 3- Cam Ly- Đà Lạt | Q108: 10,0 km | R108: Không đi xe buýt
A109: 105 | C109: 7B | F109: 7B | G109: 2106883300 | H109: 6884337192 | J109: Cil Ngọc Quyền | K109: Không dùng | N109: Thôn Đơng K Si- Lạc Dương | R109: Không đi xe buýt
A110: 106 | C110: 7B | F110: 7B | G110: 2003011874 | H110: 6820464695 | J110: Liêng Jrang Spring | K110: Không dùng | N110: Thôn 1- Đa sar- Lạc Dương | R110: Không đi xe buýt
A111: 107 | C111: 7B | F111: 7B | G111: 2007268096 | H111: 6034378668 | J111: Rơ Ông Gia Thiện | K111: Không dùng | N111: Tổ 13, Thôn 1- Cam Ly- Đà Lạt | Q111: 11 km | R111: Không đi xe buýt
A112: 108 | C112: 7B | F112: 7B | G112: 2009205032 | H112: 6805218388 | J112: Bon Yô Nhật Tiến | K112: Không dùng | N112: TDP Bnơr A- Lang Biang- Đà Lạt | R112: Không đi xe buýt
A113: 109 | C113: 7B | F113: 7B | G113: 2003014918 | H113: 6884337194 | J113: Dơng Gur Trương Thị Trang | K113: Không dùng | N113: Thôn Đa chais- đa sar- Lạc Dương | Q113: 35,3 km | R113: Không đi xe buýt
A114: 110 | C114: 7B | F114: 7B | G114: 2003007489 | H114: 6802298357 | J114: Kon Sơ Kim Thanh Tuyền | K114: Không dùng | N114: Thôn Tu Poh- Đa chais- Lạc Dương | R114: Không đi xe buýt
A115: 111 | C115: 7B | F115: 7B | G115: 2003829942 | H115: 6801643524 | J115: Kơ Să Năng Tường | K115: Không dùng | N115: Thôn 2- Đa sar- Lạc Dương | Q115: 13 km | R115: Không đi xe buýt
A116: 112 | C116: 7B | F116: 7B | G116: 2003016162 | H116: 6884337195 | J116: Rơông Jè Ương | K116: Không dùng | N116: Thôn 1- Đam Rông 4 | Q116: 52 km | R116: Không đi xe buýt
A117: 113 | C117: 7B | F117: 7B | G117: 2007115927 | H117: 6840161242 | J117: Hà Cẩm Vân | K117: Không dùng | N117: Thôn Bon nơr B- Phường Lang Biang | Q117: 8,0 km | R117: Không đi xe buýt
A118: 114 | C118: 7B | F118: 7B | G118: 2007363248 | H118: 6855815166 | J118: Da Cat Ha Ly Yong | K118: Không dùng | N118: Tổ 18, Thôn 6- Cam Ly- Đà Lạt | Q118: 9,3 km | R118: Không đi xe buýt
A119: 115 | C119: 7B | F119: 7B | G119: 2009203896 | H119: 6821643927 | J119: Cil Li Zin | K119: Không dùng | N119: TDP Đăng Gia- Lang Biang- Đà Lạt | Q119: 7,4 km | R119: Không đi xe buýt
A120: 116 | C120: 8A | F120: 8A | G120: 2305235270 | H120: 6880981626 | J120: Rơ Ông Trí Anh | K120: Không dùng | N120: Thôn 1- Xã Đam Rông 4 | Q120: 52 | R120: Không đi xe buýt | S120: Xe máy
A121: 117 | C121: 8A | F121: 8A | G121: 2305214958 | H121: 6880981627 | J121: Klong Rê Bê Ca | K121: Không dùng | N121: TDP Đạ Nghịt - Phường Lang Biang - Đà Lạt | Q121: 21.3 | R121: Không đi xe buýt | S121: Xe máy
A122: 118 | C122: 8A | F122: 8A | G122: 2305213396 | H122: 6881032825 | J122: Kră Jañ Krè Ding | K122: Không dùng | N122: TDP Bon Đưng 1 - Phường Lang Biang - Đà Lạt | Q122: 15.4 | R122: Không đi xe buýt | S122: Xe máy
A123: 119 | C123: 8A | F123: 8A | G123: 2305215936 | H123: 6880981628 | J123: Da Cát K' Hà | K123: Không dùng | N123: TDP Păng Tiêng - Phường Lang Biang - Đà Lạt | Q123: 19.8 | R123: Không đi xe buýt | S123: Xe máy
A124: 120 | C124: 8A | F124: 8A | G124: 2305220417 | H124: 6870987392 | J124: Lơ Mu Hanna | K124: Không dùng | N124: Thôn 4 - Xã Lạc Dương | Q124: 14.3 | R124: Không đi xe buýt | S124: Xe máy
A125: 121 | C125: 8A | F125: 8A | G125: 2305235648 | H125: 6880981629 | J125: Bon Niêng K' Hảo | K125: Không dùng | N125: Thôn 1- Xã Đam Rông 4 | Q125: 52 | R125: Không đi xe buýt | S125: Xe máy
A126: 122 | C126: 8A | F126: 8A | G126: 2305229049 | H126: 6880981630 | J126: Kơ Să Mỹ Hiền | K126: Không dùng | N126: Thôn Tu poh - Xã Lạc Dương | Q126: 43.7 | R126: Không đi xe buýt | S126: Xe máy
A127: 123 | C127: 8A | F127: 8A | G127: 2305235841 | H127: 6880981631 | J127: Kơ Să Ly Su In | K127: Không dùng | N127: Thôn Lán Tranh - Đam Rông 4 | Q127: 43.3 | R127: Không đi xe buýt | S127: Xe máy
A128: 124 | C128: 8A | F128: 8A | G128: 2305236349 | H128: 6880981632 | J128: Rơ ông Siu Ly | K128: Không dùng | N128: Thôn 1- Xã Đam Rông 4 | Q128: 52 | R128: Không đi xe buýt | S128: Xe máy
A129: 125 | C129: 8A | F129: 8A | G129: 2305240330 | H129: 6880981633 | J129: Kon Sa Na Ô Mi | K129: Không dùng | N129: Thôn Lán Tranh - Đam Rông 4 | Q129: 43.3 | R129: Không đi xe buýt | S129: Xe máy
A130: 126 | C130: 8A | F130: 8A | G130: 2305230258 | H130: 6880981634 | J130: Cil Pam Thiết Nghiêm | K130: Không dùng | N130: Thôn Đablah - Xã Lạc Dương | Q130: 35.3 | R130: Không đi xe buýt | S130: Xe máy
A131: 127 | C131: 8A | F131: 8A | G131: 2305218180 | H131: 6880981635 | J131: Klong Kim Ngọc | K131: Không dùng | N131: TDP Đạ Nghịt - Phường Lang Biang - Đà Lạt | Q131: 43.3 | R131: Không đi xe buýt | S131: Xe máy
... A141: 137 | C141: 8A | F141: 8A | G141: 2305221946 | H141: 6880981643 | J141: Lơ Mu Minh Vy | K141: Không dùng | N141: Thôn 3 - Xã Lạc Dương | Q141: 14.3 | R141: Không đi xe buýt | S141: Xe máy
...

Sheet tienxe
A1: Xã, huyện mới | B1: Số tiền
A2: LangBiang | B2: 80000
A3: Bảo Thuận | B3: 290000
A4: Đam Rông 1 | B4: 290000
A5: Đam Rông 2 | B5: 410000
A6: Đam Rông 3 | B6: 440000
A7: Đam Rông 4 | B7: 380000
A8: Di Linh | B8: 320000
A9: Đinh Trang Thượng | B9: 370000
A10: Đinh Văn | B10: 170000
A11: Đơn Dương | B11: 140000
A12: D'ran | B12: 210000
A13: Đức Trọng | B13: 140000
... A30: Tân Hội | B30: 160000
B62: 220000

Sheet 00 Ds
H2: Tháng 11 / 2024 | I2: 1 | L2: 2 | O2: 3 | R2: 4 | U2: 5 | X2: 6 | AA2: 7 | AD2: 8 | AG2: 9 | AJ2: 10 | AM2: 11 | AP2: 12 | AS2: 13 | AV2: 14 | AY2: 15 | BB2: 16 | BE2: 17 | BH2: 18 | BK2: 19 | BN2: 20 | BQ2: 21 | BT2: 22 | BW2: 23 | BZ2: 24 | CC2: 25 | CF2: 26 | CI2: 27 | CL2: 28 | CO2: 29 | CR2: 30 | CU2: 31
I3: Sáu | L3: Bảy | O3: CN | R3: Hai | U3: Ba | X3: Tư | AA3: Năm | AD3: Sáu | AG3: Bảy | AJ3: CN | AM3: Hai | AP3: Ba | AS3: Tư | AV3: Năm | AY3: Sáu | BB3: Bảy | BE3: CN | BH3: Hai | BK3: Ba | BN3: Tư | BQ3: Năm | BT3: Sáu | BW3: Bảy | BZ3: CN | CC3: Hai | CF3: Ba | CI3: Tư | CL3: Năm | CO3: Sáu | CR3: Bảy | CU3: CN
A4: STT | C4: Mã học sinh | D4: Mã MOET | E4: Số định danh | F4: TT | G4: Lớp | H4: Họ và tên | I4: Sáng | J4: Trưa | K4: Chiều | L4: Sáng | M4: Trưa | N4: Chiều | O4: Sáng | P4: Trưa | Q4: Chiều | R4: Sáng | S4: Trưa | T4: Chiều | U4: Sáng | V4: Trưa | W4: Chiều | X4: Sáng | Y4: Trưa | Z4: Chiều | AA4: Sáng | AB4: Trưa | AC4: Chiều | AD4: Sáng | AE4: Trưa | AF4: Chiều | AG4: Sáng | AH4: Trưa | AI4: Chiều | AJ4: Sáng | AK4: Trưa | AL4: Chiều | AM4: Sáng | AN4: Trưa | AO4: Chiều | AP4: Sáng | AQ4: Trưa | AR4: Chiều | AS4: Sáng | AT4: Trưa | AU4: Chiều | AV4: Sáng | AW4: Trưa | AX4: Chiều | AY4: Sáng | AZ4: Trưa | BA4: Chiều | BB4: Sáng | BC4: Trưa | BD4: Chiều | BE4: Sáng | BF4: Trưa | BG4: Chiều | BH4: Sáng | BI4: Trưa | BJ4: Chiều | BK4: Sáng | BL4: Trưa | BM4: Chiều | BN4: Sáng | BO4: Trưa | BP4: Chiều | BQ4: Sáng | BR4: Trưa | BS4: Chiều | BT4: Sáng | BU4: Trưa | BV4: Chiều | BW4: Sáng | BX4: Trưa | BY4: Chiều | BZ4: Sáng | CA4: Trưa | CB4: Chiều | CC4: Sáng | CD4: Trưa | CE4: Chiều | CF4: Sáng | CG4: Trưa | CH4: Chiều | CI4: Sáng | CJ4: Trưa | CK4: Chiều | CL4: Sáng | CM4: Trưa | CN4: Chiều | CO4: Sáng | CP4: Trưa | CQ4: Chiều | CR4: Sáng | CS4: Trưa | CT4: Chiều | CU4: Sáng | CV4: Trưa | CW4: Chiều
A6: 1 | B6: 6A | C6: 2003011968 | D6: 6870987192 | E6: 68313006414 | F6: 1 | G6: 6A | H6: Kră Jẵn Da Lia A | K6: về nhà
A7: 2 | B7: 6A | C7: 2007266660 | D7: 6839557963 | E7: 68313001040 | F7: =IF(B7=B6,F6+1,1) -> 2 | G7: 6A | H7: Da Gout Lê An | L7: 1
A8: 3 | B8: 6A | C8: 2003016149 | D8: 6884337059 | E8: 68213001414 | F8: =IF(B8=B7,F7+1,1) -> 3 | G8: 6A | H8: Ntôl Bùi Thiên Ân
A9: 4 | B9: 6A | C9: 2003015070 | D9: 6884337061 | E9: 68313008361 | F9: =IF(B9=B8,F8+1,1) -> 4 | G9: 6A | H9: Kơ Să Catherine | L9: 2
A10: 5 | B10: 6A | C10: 2003007509 | D10: 6884337062 | E10: 68313005641 | F10: =IF(B10=B9,F9+1,1) -> 5 | G10: 6A | H10: Kon Sơ Minh Châu
A11: 6 | B11: 6A | C11: 2007266667 | D11: 6839561127 | E11: 68313008475 | F11: =IF(B11=B10,F10+1,1) -> 6 | G11: 6A | H11: Cil Múp La Dy | L11: về nhà
A12: 7 | B12: 6A | C12: 2003014813 | D12: 6857524934 | E12: 68213005595 | F12: =IF(B12=B11,F11+1,1) -> 7 | G12: 6A | H12: Kơ Să Hê Grin
A13: 8 | B13: 6A | C13: 2003016195 | D13: 6884337063 | E13: 68313008744 | F13: =IF(B13=B12,F12+1,1) -> 8 | G13: 6A | H13: Dơng Gur Si Kha
A14: 9 | B14: 6A | C14: 2003007491 | D14: 6878019274 | E14: 68213010984 | F14: =IF(B14=B13,F13+1,1) -> 9 | G14: 6A | H14: Kơ Să Nông Tiến Khoa
A15: 10 | B15: 6A | C15: 2003016199 | D15: 6884337064 | E15: 68313003847 | F15: =IF(B15=B14,F14+1,1) -> 10 | G15: 6A | H15: Kon Sa The Kô
A16: 11 | B16: 6A | C16: 2001227492 | D16: 6878153419 | E16: 68213005916 | F16: =IF(B16=B15,F15+1,1) -> 11 | G16: 6A | H16: Dơng Gur Ha Krơng
A17: 12 | B17: 6A | C17: 2007250577 | D17: 6844474140 | E17: 68313007622 | F17: =IF(B17=B16,F16+1,1) -> 12 | G17: 6A | H17: Klong Như Lan
A18: 13 | B18: 6A | C18: 2007266483 | D18: 6844474196 | E18: 68313008509 | F18: =IF(B18=B17,F17+1,1) -> 13 | G18: 6A | H18: Rơ Ông K' Le
A19: 14 | B19: 6A | C19: 2003011956 | D19: 6844806319 | E19: 68313001061 | F19: =IF(B19=B18,F18+1,1) -> 14 | G19: 6A | H19: Kră Jăn K' Linh
A20: 15 | B20: 6A | C20: 2006153766 | D20: 6884337065 | F20: =IF(B20=B19,F19+1,1) -> 15 | G20: 6A | H20: Klong K' Loan | L20: đi lễ
A21: 16 | B21: 6A | C21: 2003016119 | D21: 6884337066 | E21: 68213012066 | F21: =IF(B21=B20,F20+1,1) -> 16 | G21: 6A | H21: Rơ Ông Ha Luis
A22: 17 | B22: 6A | C22: 2003011884 | D22: 6848391598 | E22: 68313014239 | F22: =IF(B22=B21,F21+1,1) -> 17 | G22: 6A | H22: Kon Sơ K' Khên Ly
A23: 18 | B23: 6A | C23: 2003007482 | D23: 6802301416 | E23: 68213011901 | F23: =IF(B23=B22,F22+1,1) -> 18 | G23: 6A | H23: Cil Pam Khôi Nguyên
A24: 19 | B24: 6A | C24: 2006153788 | D24: 6858294710 | E24: 68313005805 | F24: =IF(B24=B23,F23+1,1) -> 19 | G24: 6A | H24: Pang Ting Trắng Thu Nguyệt
A25: 20 | B25: 6A | C25: 2009201989 | D25: 6804793994 | E25: 17213010875 | F25: =IF(B25=B24,F24+1,1) -> 20 | G25: 6A | H25: Bạch Pang Thiện Nhân
A26: 21 | B26: 6A | C26: 2007115913 | D26: 6840162672 | E26: 68213006387 | F26: =IF(B26=B25,F25+1,1) -> 21 | G26: 6A | H26: Cêl Môp Rơ Ông Nhuận
A27: 22 | B27: 6A | C27: 2006163697 | D27: 6884337068 | E27: 68313012294 | F27: =IF(B27=B26,F26+1,1) -> 22 | G27: 6A | H27: Rơ Ông Kỳ Phương
A28: 23 | B28: 6A | C28: 2006153773 | D28: 6884337069 | F28: =IF(B28=B27,F27+1,1) -> 23 | G28: 6A | H28: Cil The Ry
A29: 24 | B29: 6A | C29: 2003012385 | D29: 6870986428 | E29: 68213002414 | F29: =IF(B29=B28,F28+1,1) -> 24 | G29: 6A | H29: Kră Jãn Na Than
A30: 25 | B30: 6A | C30: 2003014839 | D30: 6841159824 | E30: 68313003461 | F30: =IF(B30=B29,F29+1,1) -> 25 | G30: 6A | H30: Bon Dơng Lê Thiên
A31: 26 | B31: 6A | C31: 2007266638 | D31: 6855815162 | E31: 68213006448 | F31: =IF(B31=B30,F30+1,1) -> 26 | G31: 6A | H31: Klong Đức Thuận
A32: 27 | B32: 6A | C32: 2003007504 | D32: 6878019283 | E32: 68313004149 | F32: =IF(B32=B31,F31+1,1) -> 27 | G32: 6A | H32: Kơ Să Nông Thị Trang
A33: 28 | B33: 6A | C33: 2003016166 | D33: 6884337070 | E33: 68313004880 | F33: =IF(B33=B32,F32+1,1) -> 28 | G33: 6A | H33: Cil Múp Huyền Trân
A34: 29 | B34: 6A | C34: 2003014922 | D34: 6841189638 | E34: 68313010734 | F34: =IF(B34=B33,F33+1,1) -> 29 | G34: 6A | H34: Cil Yũ K' Hải Yến
A35: 30 | B35: 6B | C35: 2007266665 | D35: 6884660085 | E35: 68313012356 | F35: =IF(B35=B34,F34+1,1) -> 1 | G35: 6B | H35: Kră Jañ Ra Chel
A36: 31 | B36: 6B | C36: 2003016118 | D36: 6884337184 | E36: 68313010493 | F36: =IF(B36=B35,F35+1,1) -> 2 | G36: 6B | H36: Cil Múp My Rin Da
A37: 32 | B37: 6B | C37: 2003016112 | D37: 6884337185 | E37: 68213008583 | F37: =IF(B37=B36,F36+1,1) -> 3 | G37: 6B | H37: Ntôl Ha Dân
A38: 33 | B38: 6B | C38: 2003012369 | D38: 6870987105 | E38: 68313005559 | F38: =IF(B38=B37,F37+1,1) -> 4 | G38: 6B | H38: Kră Jăn K' Linh Đan
A39: 34 | B39: 6B | C39: 2006164505 | D39: 6884337186 | E39: 68313007286 | F39: =IF(B39=B38,F38+1,1) -> 5 | G39: 6B | H39: K' Hi
A40: 35 | B40: 6B | C40: 2003015048 | D40: 6841422869 | E40: 68213003815 | F40: =IF(B40=B39,F39+1,1) -> 6 | G40: 6B | H40: Cao Kon Sơ Song Hỉ
A41: 36 | B41: 6B | C41: 2006153764 | D41: 6884337188 | F41: =IF(B41=B40,F40+1,1) -> 7 | G41: 6B | H41: Liêng Hót Jêrôham
A42: 37 | B42: 6B | C42: 2003015002 | D42: 6841201362 | E42: 68313008094 | F42: =IF(B42=B41,F41+1,1) -> 8 | G42: 6B | H42: Lơ Mu Re Joice
A43: 38 | B43: 6B | C43: 2003016104 | D43: 6803388754 | E43: 68313007164 | F43: =IF(B43=B42,F42+1,1) -> 9 | G43: 6B | H43: Lê Võ Thiên Kim
A44: 39 | B44: 6B | C44: 2007266955 | D44: 6844474194 | E44: 68313009573 | F44: =IF(B44=B43,F43+1,1) -> 10 | G44: 6B | H44: Pang Ting Trần Xuân Lam
A45: 40 | B45: 6B | C45: 2003011892 | D45: 6801561613 | E45: 68213005760 | F45: =IF(B45=B44,F44+1,1) -> 11 | G45: 6B | H45: Klong Hà Hải Luân
A46: 41 | B46: 6B | C46: 2003007481 | D46: 6843769404 | E46: 68213004380 | F46: =IF(B46=B45,F45+1,1) -> 12 | G46: 6B | H46: Cil Nguyễn Xuân Lưu
A47: 42 | B47: 6B | C47: 2006163691 | D47: 6884337189 | E47: 68313004367 | F47: =IF(B47=B46,F46+1,1) -> 13 | G47: 6B | H47: Rơ Ông Lynét
A48: 43 | B48: 6B | C48: 2003015010 | D48: 6884337190 | E48: 68313006536 | F48: =IF(B48=B47,F47+1,1) -> 14 | G48: 6B | H48: Đạ Kriêng K Ngis
A49: 44 | B49: 6B | C49: 2003008018 | D49: 6841440141 | E49: 68313004914 | F49: =IF(B49=B48,F48+1,1) -> 15 | G49: 6B | H49: Sơ Kết K Nhị
A50: 45 | B50: 6B | C50: 2006153770 | D50: 6884337191 | F50: =IF(B50=B49,F49+1,1) -> 16 | G50: 6B | H50: Klong K' Như
A51: 46 | B51: 6B | C51: 2007266676 | D51: 6839575309 | E51: 68213010493 | F51: =IF(B51=B50,F50+1,1) -> 17 | G51: 6B | H51: Cil Nguyên Ninh
A52: 47 | B52: 6B | C52: 2007300705 | D52: 6855815186 | E52: 68313000996 | F52: =IF(B52=B51,F51+1,1) -> 18 | G52: 6B | H52: Kră Jẵn Long Phụng
A53: 48 | B53: 6B | C53: 2106883300 | D53: 6884337192 | E53: 68313002481 | F53: =IF(B53=B52,F52+1,1) -> 19 | G53: 6B | H53: Cil Ngọc Quyền
A54: 49 | B54: 6B | C54: 2003011874 | D54: 6820464695 | E54: 68313012695 | F54: =IF(B54=B53,F53+1,1) -> 20 | G54: 6B | H54: Liêng Jrang Spring
A55: 50 | B55: 6B | C55: 2007268096 | D55: 6034378668 | E55: 68213013253 | F55: =IF(B55=B54,F54+1,1) -> 21 | G55: 6B | H55: Rơ Ông Gia Thiện
A56: 51 | B56: 6B | C56: 2009205032 | D56: 6805218388 | E56: 68213010461 | F56: =IF(B56=B55,F55+1,1) -> 22 | G56: 6B | H56: Bon Yô Nhật Tiến
A57: 52 | B57: 6B | C57: 2003014918 | D57: 6884337194 | E57: 68313008669 | F57: =IF(B57=B56,F56+1,1) -> 23 | G57: 6B | H57: Dơng Gur Trương Thị Trang
A58: 53 | B58: 6B | C58: 2003007489 | D58: 6802298357 | E58: 68313002639 | F58: =IF(B58=B57,F57+1,1) -> 24 | G58: 6B | H58: Kon Sơ Kim Thanh Tuyền
A59: 54 | B59: 6B | C59: 2003829942 | D59: 6801643524 | E59: 68213006923 | F59: =IF(B59=B58,F58+1,1) -> 25 | G59: 6B | H59: Kơ Să Năng Tường
A60: 55 | B60: 6B | C60: 2003016162 | D60: 6884337195 | E60: 68313008887 | F60: =IF(B60=B59,F59+1,1) -> 26 | G60: 6B | H60: Rơông Jè Ương
A61: 56 | B61: 6B | C61: 2007115927 | D61: 6840161242 | E61: 68313003331 | F61: =IF(B61=B60,F60+1,1) -> 27 | G61: 6B | H61: Hà Cẩm Vân
A62: 57 | B62: 6B | C62: 2007363248 | D62: 6855815166 | E62: 68213009900 | F62: =IF(B62=B61,F61+1,1) -> 28 | G62: 6B | H62: Da Cat Ha Ly Yong
... A68: 63 | B68: 7A | C68: 2305220417 | D68: 6870987392 | E68: 68312010247 | F68: =IF(B68=B67,F67+1,1) -> 5 | G68: 7A | H68: Lơ Mu Hanna
A69: 64 | B69: 7A | C69: 2305235648 | D69: 6880981629 | F69: =IF(B69=B68,F68+1,1) -> 6 | G69: 7A | H69: Bon Niêng K' Hảo
A70: 65 | B70: 7A | C70: 2305229049 | D70: 6882528538 | E70: 68312001207 | F70: =IF(B70=B69,F69+1,1) -> 7 | G70: 7A | H70: Kơ Să Mỹ Hiền
A71: 66 | B71: 7A | C71: 2305235841 | D71: 6880981631 | E71: 68312010088 | F71: =IF(B71=B70,F70+1,1) -> 8 | G71: 7A | H71: Kơ Să Ly Su In
A72: 67 | B72: 7A | C72: 2305236349 | D72: 6880981632 | E72: 68312008245 | F72: =IF(B72=B71,F71+1,1) -> 9 | G72: 7A | H72: Rơ Ông Siu Ly
A73: 68 | B73: 7A | C73: 2305240330 | D73: 6880981633 | E73: 68312014695 | F73: =IF(B73=B72,F72+1,1) -> 10 | G73: 7A | H73: Kon Sa Na Ô Mi
A74: 69 | B74: 7A | C74: 2305230258 | D74: 6880981634 | E74: 68212009059 | F74: =IF(B74=B73,F73+1,1) -> 11 | G74: 7A | H74: Cil Pam Thiết Nghiêm
A75: 70 | B75: 7A | C75: 2305218180 | D75: 6880981635 | E75: 68312004022 | F75: =IF(B75=B74,F74+1,1) -> 12 | G75: 7A | H75: Klong Kim Ngọc
A76: 71 | B76: 7A | C76: 2305240119 | D76: 6880981637 | E76: 68312005102 | F76: =IF(B76=B75,F75+1,1) -> 13 | G76: 7A | H76: Pang Ting Nguyễn Bảo Ngọc
A77: 72 | B77: 7A | C77: 2305219012 | D77: 6881032826 | E77: 68212003199 | F77: =IF(B77=B76,F76+1,1) -> 14 | G77: 7A | H77: Da Căt Huy Nhật
A78: 73 | B78: 7A | C78: 2305231757 | D78: 6820650683 | E78: 68312009326 | F78: =IF(B78=B77,F77+1,1) -> 15 | G78: 7A | H78: Lơ Mu Siu Niệm
A79: 74 | B79: 7A | C79: 2305212358 | D79: 6881032827 | E79: 68312003415 | F79: =IF(B79=B78,F78+1,1) -> 16 | G79: 7A | H79: Păng Ting K' Builly Pốt
A80: 75 | B80: 7A | C80: 2305210128 | D80: 6821779141 | E80: 68312010567 | F80: =IF(B80=B79,F79+1,1) -> 17 | G80: 7A | H80: Kră Jăn Ju Rin
A81: 76 | B81: 7A | C81: 2305216846 | D81: 6880981638 | E81: 68212010095 | F81: =IF(B81=B80,F80+1,1) -> 18 | G81: 7A | H81: Kơ Să K' Thao
... A205: 200 | B205: 9B | C205: 2102106190 | D205: 6871106414 | E205: 68310010573 | F205: =IF(B205=B204,F204+1,1) -> 23 | G205: 9B | H205: Klong Lê Thị Nhã Uyên
A206: 201 | B206: 10A | C206: 2004950424 | D206: 6858719650 | E206: 68209001486 | F206: =IF(B206=B205,F205+1,1) -> 1 | G206: 10A | H206: Phan Ngọc Hoàng Ân | I206: 2025
A207: 202 | B207: 10A | C207: 2004950257 | D207: 6850697154 | E207: 68209004739 | F207: =IF(B207=B206,F206+1,1) -> 2 | G207: 10A | H207: Triệu Tiến Dũng | L207: 10
A208: 203 | B208: 10A | C208: 2004927411 | D208: 6850799413 | E208: 68209000602 | F208: =IF(B208=B207,F207+1,1) -> 3 | G208: 10A | H208: Vũ Chí Hiếu | L208: 5
A209: 204 | B209: 10A | C209: 2004927413 | D209: 6846999300 | E209: 68309008051 | F209: =IF(B209=B208,F208+1,1) -> 4 | G209: 10A | H209: Vương Thị Ngọc Hoa
A210: 205 | B210: 10A | C210: 2005201744 | D210: 6858719627 | E210: 68309004130 | F210: =IF(B210=B209,F209+1,1) -> 5 | G210: 10A | H210: K' Diễm Hồng
A211: 206 | B211: 10A | C211: 2005777630 | D211: 6802346768 | E211: 68309011639 | F211: =IF(B211=B210,F210+1,1) -> 6 | G211: 10A | H211: Ka Huần | J211: 53
A212: 207 | B212: 10A | C212: 2005778938 | D212: 6853172795 | E212: 68209005480 | F212: =IF(B212=B211,F211+1,1) -> 7 | G212: 10A | H212: Bùi Tiến Hùng
A213: 208 | B213: 10A | C213: 2004927406 | D213: 6850799409 | E213: 68309004202 | F213: =IF(B213=B212,F212+1,1) -> 8 | G213: 10A | H213: Thào Thị Huyền
A214: 209 | B214: 10A | C214: 2005189882 | D214: 6884660620 | E214: 68209002898 | F214: =IF(B214=B213,F213+1,1) -> 9 | G214: 10A | H214: K' Huyn
A215: 210 | B215: 10A | C215: 2004940427 | D215: 6858719655 | E215: 68309010628 | F215: =IF(B215=B214,F214+1,1) -> 10 | G215: 10A | H215: Ka Huỳnh | I215: 3
A216: 211 | B216: 10A | C216: 2007996085 | D216: 6858041654 | E216: 68208002019 | F216: =IF(B216=B215,F215+1,1) -> 11 | G216: 10A | H216: Bon Dơng Ha Kiên
A217: 212 | B217: 10A | C217: 2004927385 | D217: 6838547836 | E217: 68309003180 | F217: =IF(B217=B216,F216+1,1) -> 12 | G217: 10A | H217: Sầm Thị Ngọc Lan
A218: 213 | B218: 10A | C218: 2004927405 | D218: 6850799408 | E218: 68309001137 | F218: =IF(B218=B217,F217+1,1) -> 13 | G218: 10A | H218: Sa Lem
A219: 214 | B219: 10A | C219: 2005552854 | D219: 6853458291 | E219: 68309004034 | F219: =IF(B219=B218,F218+1,1) -> 14 | G219: 10A | H219: Ka Thảo Liên
A220: 215 | B220: 10A | C220: 2007300700 | D220: 6858041298 | E220: 68209004584 | F220: =IF(B220=B219,F219+1,1) -> 15 | G220: 10A | H220: Kơ Să Gia Mi
A221: 216 | B221: 10A | C221: 2005197111 | D221: 6858719638 | E221: 68309008808 | F221: =IF(B221=B220,F220+1,1) -> 16 | G221: 10A | H221: Võ Quỳnh Như
A222: 217 | B222: 10A | C222: 2006475878 | D222: 6802620777 | E222: 68309005280 | F222: =IF(B222=B221,F221+1,1) -> 17 | G222: 10A | H222: Đa Gút Ty Nia
A223: 218 | B223: 10A | C223: 2008054395 | D223: 6858041658 | E223: 68209013583 | F223: =IF(B223=B222,F222+1,1) -> 18 | G223: 10A | H223: Rơ Ông Quang
A224: 219 | B224: 10A | C224: 2008054396 | D224: 6860301750 | E224: 68209001496 | F224: =IF(B224=B223,F223+1,1) -> 19 | G224: 10A | H224: Lơ Mu Ha Quốc
A225: 220 | B225: 10A | C225: 2005195955 | D225: 6858719643 | E225: 68309003123 | F225: =IF(B225=B224,F224+1,1) -> 20 | G225: 10A | H225: Bon Yô Jẵn Soan
A226: 221 | B226: 10A | C226: 2006482291 | D226: 6853976551 | E226: 68309006274 | F226: =IF(B226=B225,F225+1,1) -> 21 | G226: 10A | H226: Bơnah Ria Ma Sở
A227: 222 | B227: 10A | C227: 2008054567 | D227: 6858041664 | E227: 68209005889 | F227: =IF(B227=B226,F226+1,1) -> 22 | G227: 10A | H227: Klong Mi Suyn
... A350: 345 | B350: 10C3 | C350: 2008054605 | D350: 6841093237 | E350: 66209001977 | F350: =IF(B350=B349,F349+1,1) -> 17 | G350: 10C3 | H350: Đinh Quốc Thái
A351: 346 | B351: 10C3 | C351: 2001185124 | E351: 68308010124 | F351: =IF(B351=B350,F350+1,1) -> 18 | G351: 10C3 | H351: K' Thắm
A352: 347 | B352: 10C3 | C352: 2008055009 | D352: 6802062343 | E352: 68309002571 | F352: =IF(B352=B351,F351+1,1) -> 19 | G352: 10C3 | H352: Cil Pam Kim Thu
...

Sheet DS Th 11
I1: Tháng 11 / 2024
I2: Ngày | J2: 1 | M2: 2 | P2: 3 | S2: 4 | V2: 5 | Y2: 6 | AB2: 7 | AE2: 8 | AH2: 9 | AK2: 10 | AN2: 11 | AQ2: 12 | AT2: 13 | AW2: 14 | AZ2: 15 | BC2: 16 | BF2: 17 | BI2: 18 | BL2: 19 | BO2: 20 | BR2: 21 | BU2: 22 | BX2: 23 | CA2: 24 | CD2: 25 | CG2: 26 | CJ2: 27 | CM2: 28 | CP2: 29 | CS2: 30 | CT2: 30 | CU2: 30 | CV2: 31 | CW2: 31 | CX2: 31
E3: =COUNTA(E6:E645) -> 640 | I3: Thứ | J3: Sáu | M3: Bảy | P3: CN | S3: Hai | V3: Ba | Y3: Tư | AB3: Năm | AE3: Sáu | AH3: Bảy | AK3: CN | AN3: Hai | AQ3: Ba | AT3: Tư | AW3: Năm | AZ3: Sáu | BC3: Bảy | BF3: CN | BI3: Hai | BL3: Ba | BO3: Tư | BR3: Năm | BU3: Sáu | BX3: Bảy | CA3: CN | CD3: Hai | CG3: Ba | CJ3: Tư | CM3: Năm | CP3: Sáu | CS3: Bảy | CT3: Bảy | CU3: Bảy | CV3: CN | CW3: CN | CX3: CN
A4: STT | E4: Lớp | F4: Mã học sinh | G4: Mã MOET | H4: Số định danh | I4: Họ và tên | J4: Sáng | K4: Trưa | L4: Chiều | M4: Sáng | N4: Trưa | O4: Chiều | P4: Sáng | Q4: Trưa | R4: Chiều | S4: Sáng | T4: Trưa | U4: Chiều | V4: Sáng | W4: Trưa | X4: Chiều | Y4: Sáng | Z4: Trưa | AA4: Chiều | AB4: Sáng | AC4: Trưa | AD4: Chiều | AE4: Sáng | AF4: Trưa | AG4: Chiều | AH4: Sáng | AI4: Trưa | AJ4: Chiều | AK4: Sáng | AL4: Trưa | AM4: Chiều | AN4: Sáng | AO4: Trưa | AP4: Chiều | AQ4: Sáng | AR4: Trưa | AS4: Chiều | AT4: Sáng | AU4: Trưa | AV4: Chiều | AW4: Sáng | AX4: Trưa | AY4: Chiều | AZ4: Sáng | BA4: Trưa | BB4: Chiều | BC4: Sáng | BD4: Trưa | BE4: Chiều | BF4: Sáng | BG4: Trưa | BH4: Chiều | BI4: Sáng | BJ4: Trưa | BK4: Chiều | BL4: Sáng | BM4: Trưa | BN4: Chiều | BO4: Sáng | BP4: Trưa | BQ4: Chiều | BR4: Sáng | BS4: Trưa | BT4: Chiều | BU4: Sáng | BV4: Trưa | BW4: Chiều | BX4: Sáng | BY4: Trưa | BZ4: Chiều | CA4: Sáng | CB4: Trưa | CC4: Chiều | CD4: Sáng | CE4: Trưa | CF4: Chiều | CG4: Sáng | CH4: Trưa | CI4: Chiều | CJ4: Sáng | CK4: Trưa | CL4: Chiều | CM4: Sáng | CN4: Trưa | CO4: Chiều | CP4: Sáng | CQ4: Trưa | CR4: Chiều | CS4: Sáng | CT4: Trưa | CU4: Chiều | CV4: Sáng | CW4: Trưa | CX4: Chiều
D5: STT
A6: 1 | B6: 6A | C6: =IF(B6=B5,C5+1,1) -> 1 | D6: 1 | E6: 6A | F6: 2003011968 | G6: 6870987192 | H6: 68313006414 | I6: Kră Jẵn Da Lia A
A7: 2 | B7: 6A | C7: =IF(B7=B6,C6+1,1) -> 2 | D7: 2 | E7: 6A | F7: 2007266660 | G7: 6839557963 | H7: 68313001040 | I7: Da Gout Lê An
A8: 3 | B8: 6A | C8: =IF(B8=B7,C7+1,1) -> 3 | D8: 3 | E8: 6A | F8: 2003016149 | G8: 6884337059 | H8: 68213001414 | I8: Ntôl Bùi Thiên Ân
A9: 4 | B9: 6A | C9: =IF(B9=B8,C8+1,1) -> 4 | D9: 4 | E9: 6A | F9: 2003015070 | G9: 6884337061 | H9: 68313008361 | I9: Kơ Să Catherine
A10: 5 | B10: 6A | C10: =IF(B10=B9,C9+1,1) -> 5 | D10: 5 | E10: 6A | F10: 2003007509 | G10: 6884337062 | H10: 68313005641 | I10: Kon Sơ Minh Châu
A11: 6 | B11: 6A | C11: =IF(B11=B10,C10+1,1) -> 6 | D11: 6 | E11: 6A | F11: 2007266667 | G11: 6839561127 | H11: 68313008475 | I11: Cil Múp La Dy
A12: 7 | B12: 6A | C12: =IF(B12=B11,C11+1,1) -> 7 | D12: 7 | E12: 6A | F12: 2003014813 | G12: 6857524934 | H12: 68213005595 | I12: Kơ Să Hê Grin
A13: 8 | B13: 6A | C13: =IF(B13=B12,C12+1,1) -> 8 | D13: 8 | E13: 6A | F13: 2003016195 | G13: 6884337063 | H13: 68313008744 | I13: Dơng Gur Si Kha | K13: Về nhà
A14: 9 | B14: 6A | C14: =IF(B14=B13,C13+1,1) -> 9 | D14: 9 | E14: 6A | F14: 2003007491 | G14: 6878019274 | H14: 68213010984 | I14: Kơ Să Nông Tiến Khoa
A15: 10 | B15: 6A | C15: =IF(B15=B14,C14+1,1) -> 10 | D15: 10 | E15: 6A | F15: 2003016199 | G15: 6884337064 | H15: 68313003847 | I15: Kon Sa The Kô
A16: 11 | B16: 6A | C16: =IF(B16=B15,C15+1,1) -> 11 | D16: 11 | E16: 6A | F16: 2001227492 | G16: 6878153419 | H16: 68213005916 | I16: Dơng Gur Ha Krơng
A17: 12 | B17: 6A | C17: =IF(B17=B16,C16+1,1) -> 12 | D17: 12 | E17: 6A | F17: 2007250577 | G17: 6844474140 | H17: 68313007622 | I17: Klong Như Lan
A18: 13 | B18: 6A | C18: =IF(B18=B17,C17+1,1) -> 13 | D18: 13 | E18: 6A | F18: 2007266483 | G18: 6844474196 | H18: 68313008509 | I18: Rơ Ông K' Le
A19: 14 | B19: 6A | C19: =IF(B19=B18,C18+1,1) -> 14 | D19: 14 | E19: 6A | F19: 2003011956 | G19: 6844806319 | H19: 68313001061 | I19: Kră Jăn K' Linh
A20: 15 | B20: 6A | C20: =IF(B20=B19,C19+1,1) -> 15 | D20: 15 | E20: 6A | F20: 2006153766 | G20: 6884337065 | H20: 68313008703 | I20: Klong K' Loan
A21: 16 | B21: 6A | C21: =IF(B21=B20,C20+1,1) -> 16 | D21: 16 | E21: 6A | F21: 2003016119 | G21: 6884337066 | H21: 68213012066 | I21: Rơ Ông Ha Luis
A22: 17 | B22: 6A | C22: =IF(B22=B21,C21+1,1) -> 17 | D22: 17 | E22: 6A | F22: 2003011884 | G22: 6848391598 | H22: 68313014239 | I22: Kon Sơ K' Khên Ly
A23: 18 | B23: 6A | C23: =IF(B23=B22,C22+1,1) -> 18 | D23: 18 | E23: 6A | F23: 2003007482 | G23: 6802301416 | H23: 68213011901 | I23: Cil Pam Khôi Nguyên
A24: 19 | B24: 6A | C24: =IF(B24=B23,C23+1,1) -> 19 | D24: 19 | E24: 6A | F24: 2006153788 | G24: 6858294710 | H24: 68313005805 | I24: Pang Ting Trắng Thu Nguyệt
A25: 20 | B25: 6A | C25: =IF(B25=B24,C24+1,1) -> 20 | D25: 20 | E25: 6A | F25: 2009201989 | G25: 6804793994 | H25: 17213010875 | I25: Bạch Pang Thiện Nhân
... A68: 63 | B68: 7A | C68: =IF(B68=B67,C67+1,1) -> 5 | D68: 5 | E68: 7A | F68: 2305220417 | G68: 6870987392 | H68: 68312010247 | I68: Lơ Mu Hanna
A69: 64 | B69: 7A | C69: =IF(B69=B68,C68+1,1) -> 6 | D69: 6 | E69: 7A | F69: 2305235648 | G69: 6880981629 | I69: Bon Niêng K' Hảo
A70: 65 | B70: 7A | C70: =IF(B70=B69,C69+1,1) -> 7 | D70: 7 | E70: 7A | F70: 2305229049 | G70: 6882528538 | H70: 68312001207 | I70: Kơ Să Mỹ Hiền
A71: 66 | B71: 7A | C71: =IF(B71=B70,C70+1,1) -> 8 | D71: 8 | E71: 7A | F71: 2305235841 | G71: 6880981631 | H71: 68312010088 | I71: Kơ Să Ly Su In
A72: 67 | B72: 7A | C72: =IF(B72=B71,C71+1,1) -> 9 | D72: 9 | E72: 7A | F72: 2305236349 | G72: 6880981632 | H72: 68312008245 | I72: Rơ Ông Siu Ly
A73: 68 | B73: 7A | C73: =IF(B73=B72,C72+1,1) -> 10 | D73: 10 | E73: 7A | F73: 2305240330 | G73: 6880981633 | H73: 68312014695 | I73: Kon Sa Na Ô Mi
A74: 69 | B74: 7A | C74: =IF(B74=B73,C73+1,1) -> 11 | D74: 11 | E74: 7A | F74: 2305230258 | G74: 6880981634 | H74: 68212009059 | I74: Cil Pam Thiết Nghiêm
A75: 70 | B75: 7A | C75: =IF(B75=B74,C74+1,1) -> 12 | D75: 12 | E75: 7A | F75: 2305218180 | G75: 6880981635 | H75: 68312004022 | I75: Klong Kim Ngọc
A76: 71 | B76: 7A | C76: =IF(B76=B75,C75+1,1) -> 13 | D76: 13 | E76: 7A | F76: 2305240119 | G76: 6880981637 | H76: 68312005102 | I76: Pang Ting Nguyễn Bảo Ngọc
A77: 72 | B77: 7A | C77: =IF(B77=B76,C76+1,1) -> 14 | D77: 14 | E77: 7A | F77: 2305219012 | G77: 6881032826 | H77: 68212003199 | I77: Da Căt Huy Nhật
A78: 73 | B78: 7A | C78: =IF(B78=B77,C77+1,1) -> 15 | D78: 15 | E78: 7A | F78: 2305231757 | G78: 6820650683 | H78: 68312009326 | I78: Lơ Mu Siu Niệm
A79: 74 | B79: 7A | C79: =IF(B79=B78,C78+1,1) -> 16 | D79: 16 | E79: 7A | F79: 2305212358 | G79: 6881032827 | H79: 68312003415 | I79: Păng Ting K' Builly Pốt
A80: 75 | B80: 7A | C80: =IF(B80=B79,C79+1,1) -> 17 | D80: 17 | E80: 7A | F80: 2305210128 | G80: 6821779141 | H80: 68312010567 | I80: Kră Jăn Ju Rin
A81: 76 | B81: 7A | C81: =IF(B81=B80,C80+1,1) -> 18 | D81: 18 | E81: 7A | F81: 2305216846 | G81: 6880981638 | H81: 68212010095 | I81: Kơ Să K' Thao
... A248: 243 | B248: 10B | C248: =IF(B248=B247,C247+1,1) -> 10 | D248: 10 | E248: 10B | F248: 2004948575 | G248: 6858719657 | H248: 68309003153 | I248: Cil Múp An Kỳ
A249: 244 | B249: 10B | C249: =IF(B249=B248,C248+1,1) -> 11 | D249: 11 | E249: 10B | F249: 2005199552 | G249: 6884336469 | H249: 68309011051 | I249: Ka Sa Ly | P249: đi lễ
A250: 245 | B250: 10B | C250: =IF(B250=B249,C249+1,1) -> 12 | D250: 12 | E250: 10B | F250: 2006477067 | G250: 6853976542 | H250: 68309008240 | I250: Touprong Nai Mẫn
A251: 246 | B251: 10B | C251: =IF(B251=B250,C250+1,1) -> 13 | D251: 13 | E251: 10B | F251: 2008054568 | G251: 6884336470 | H251: 68309009448 | I251: Lơ Mu Tô Lệ My
A252: 247 | B252: 10B | C252: =IF(B252=B251,C251+1,1) -> 14 | D252: 14 | E252: 10B | F252: 2005656391 | G252: 6882955649 | H252: 68309002202 | I252: Kră Jăn Duy Na
A253: 248 | B253: 10B | C253: =IF(B253=B252,C252+1,1) -> 15 | D253: 15 | E253: 10B | F253: 2006589949 | G253: 6853976522 | H253: 68209002824 | I253: Ha Phi Ne
A254: 249 | B254: 10B | C254: =IF(B254=B253,C253+1,1) -> 16 | D254: 16 | E254: 10B | F254: 2004950440 | G254: 6801618765 | H254: 68209006740 | I254: Ya Ngoan
A255: 250 | B255: 10B | C255: =IF(B255=B254,C254+1,1) -> 17 | D255: 17 | E255: 10B | F255: 2004950417 | G255: 6858719663 | H255: 68309004306 | I255: Ma Nhiệm
A256: 251 | B256: 10B | C256: =IF(B256=B255,C255+1,1) -> 18 | D256: 18 | E256: 10B | F256: 2005656404 | G256: 6884336471 | H256: 68309008565 | I256: Rơ Lík K' Quỳnh Như
A257: 252 | B257: 10B | C257: =IF(B257=B256,C256+1,1) -> 19 | D257: 19 | E257: 10B | F257: 2004939824 | G257: 6858719664 | H257: 68309008553 | I257: Kơ Să K' Nhược
A258: 253 | B258: 10B | C258: =IF(B258=B257,C257+1,1) -> 20 | D258: 20 | E258: 10B | F258: 2007300213 | G258: 6884336473 | H258: 68309001115 | I258: Sơ Ao Va Nia
A259: 254 | B259: 10B | C259: =IF(B259=B258,C258+1,1) -> 21 | D259: 21 | E259: 10B | F259: 2005690964 | G259: 6882955612 | H259: 68309012772 | I259: Rơ Lik H Nuyn
A260: 255 | B260: 10B | C260: =IF(B260=B259,C259+1,1) -> 22 | D260: 22 | E260: 10B | F260: 2004927393 | G260: 6850799397 | H260: 68309005716 | I260: K' Ơn
A261: 256 | B261: 10B | C261: =IF(B261=B260,C260+1,1) -> 23 | D261: 23 | E261: 10B | F261: 2005199839 | G261: 6858719640 | H261: 68309009950 | I261: K' Dơng Parê
... A266: 261 | B266: 10B | C266: =IF(B266=B265,C265+1,1) -> 28 | D266: 28 | E266: 10B | F266: 2005563798 | G266: 6802261537 | H266: 68309011837 | I266: Ka' Thúy
A267: 262 | B267: 10B | C267: =IF(B267=B266,C266+1,1) -> 29 | D267: 29 | E267: 10B | F267: 2005194940 | G267: 6884336477 | H267: 68309010497 | I267: Kơ Să Nê Va | P267: về nhà
A268: 263 | B268: 10B | C268: =IF(B268=B267,C267+1,1) -> 30 | D268: 30 | E268: 10B | F268: 2004941707 | G268: 6858719673 | H268: 68309007506 | I268: K' Vân
A269: 264 | B269: 10B | C269: =IF(B269=B268,C268+1,1) -> 31 | D269: 31 | E269: 10B | F269: 2004949975 | G269: 6882885370 | H269: 68309007767 | I269: Cil K' Lê Vy
A270: 265 | B270: 10B | C270: =IF(B270=B269,C269+1,1) -> 32 | D270: 32 | E270: 10B | F270: 2005200048 | G270: 6858719648 | H270: 68309011807 | I270: Hoàng Hạ Nhật Vy
A271: 266 | B271: 10B | C271: =IF(B271=B270,C270+1,1) -> 33 | D271: 33 | E271: 10B | F271: 2001272325 | G271: 6853976557 | H271: 68309009729 | I271: Bơ Nah Ria Xinh
A272: 267 | B272: 10C1 | C272: =IF(B272=B271,C271+1,1) -> 1 | D272: 1 | E272: 10C1 | F272: 2006416665 | G272: 6801571214 | H272: 68209010600 | I272: So Hao Dzin
A273: 268 | B273: 10C1 | C273: =IF(B273=B272,C272+1,1) -> 2 | D273: 2 | E273: 10C1 | F273: 2006471045 | G273: 6853976538 | H273: 68209003514 | I273: Kơ Să Sang En
A274: 269 | B274: 10C1 | C274: =IF(B274=B273,C273+1,1) -> 3 | D274: 3 | E274: 10C1 | F274: 2006589736 | G274: 6854092702 | H274: 68209001225 | I274: Đa Ni - Ên
A275: 270 | B275: 10C1 | C275: =IF(B275=B274,C274+1,1) -> 4 | D275: 4 | E275: 10C1 | F275: 2005623918 | G275: 6802213634 | H275: 68309012102 | I275: Ka Hạnh
A276: 271 | B276: 10C1 | C276: =IF(B276=B275,C275+1,1) -> 5 | D276: 5 | E276: 10C1 | F276: 2006588746 | G276: 6853976518 | H276: 68209008496 | I276: Ka Să Ya Huy
A277: 272 | B277: 10C1 | C277: =IF(B277=B276,C276+1,1) -> 6 | D277: 6 | E277: 10C1 | F277: 2004951125 | G277: 6850704956 | H277: 68209005596 | I277: Trương Gia Huy
A278: 273 | B278: 10C1 | C278: =IF(B278=B277,C277+1,1) -> 7 | D278: 7 | E278: 10C1 | F278: 2001272283 | G278: 6853976520 | H278: 68209007718 | I278: Mơ Tui Ya Kiệt
A279: 274 | B279: 10C1 | C279: =IF(B279=B278,C278+1,1) -> 8 | D279: 8 | E279: 10C1 | F279: 2004951037 | G279: 6838371614 | H279: 68309007737 | I279: Bàn Thị Thu Kiều
... A348: 343 | B348: 10C3 | C348: =IF(B348=B347,C347+1,1) -> 17 | D348: 17 | E348: 10C3 | F348: 2008054605 | G348: 6841093237 | H348: 66209001977 | I348: Đinh Quốc Thái
A349: 344 | B349: 10C3 | C349: =IF(B349=B348,C348+1,1) -> 18 | D349: 18 | E349: 10C3 | F349: 2001185124 | H349: 68308010124 | I349: K' Thắm
A350: 345 | B350: 10C3 | C350: =IF(B350=B349,C349+1,1) -> 19 | D350: 19 | E350: 10C3 | F350: 2008055009 | G350: 6802062343 | H350: 68309002571 | I350: Cil Pam Kim Thu
A351: 346 | B351: 10C3 | C351: =IF(B351=B350,C350+1,1) -> 20 | D351: 20 | E351: 10C3 | F351: 2004927394 | G351: 6853087751 | H351: 68309007809 | I351: K' Thuở
A352: 347 | B352: 10C3 | C352: =IF(B352=B351,C351+1,1) -> 21 | D352: 21 | E352: 10C3 | F352: 2006586528 | G352: 6853976529 | H352: 68309000657 | I352: Cruyang Nai Tím
A353: 348 | B353: 10C3 | C353: =IF(B353=B352,C352+1,1) -> 22 | D353: 22 | E353: 10C3 | F353: 2005651500 | G353: 6800692872 | H353: 68309008135 | I353: See Bya Mang Thị Thu Trâm
A354: 349 | B354: 10C3 | C354: =IF(B354=B353,C353+1,1) -> 23 | D354: 23 | E354: 10C3 | F354: 2005712612 | G354: 6851164891 | H354: 68209000459 | I354: Kră Jẵn Ha Trọng
A355: 350 | B355: 10C3 | C355: =IF(B355=B354,C354+1,1) -> 24 | D355: 24 | E355: 10C3 | F355: 2001272217 | G355: 6853976531 | H355: 68209003464 | I355: Hoàng Minh Tuấn
A356: 351 | B356: 10C3 | C356: =IF(B356=B355,C355+1,1) -> 25 | D356: 25 | E356: 10C3 | F356: 2007296015 | G356: 6884336963 | H356: 68309004566 | I356: Phi Srỗn K' Uyên
A357: 352 | B357: 10C3 | C357: =IF(B357=B356,C356+1,1) -> 26 | D357: 26 | E357: 10C3 | F357: 2005652605 | G357: 6802346851 | H357: 68209009268 | I357: K' Vụ
A358: 353 | B358: 10C3 | C358: =IF(B358=B357,C357+1,1) -> 27 | D358: 27 | E358: 10C3 | F358: 2005690978 | G358: 6882955623 | H358: 68309013744 | I358: Bàn Thị Hải Yến
A359: 354 | B359: 11A | C359: =IF(B359=B358,C358+1,1) -> 1 | D359: 1 | E359: 11A | F359: 2001242516 | G359: 6839525082 | H359: 68208011419 | I359: La Hoàng Anh
A360: 355 | B360: 11A | C360: =IF(B360=B359,C359+1,1) -> 2 | D360: 2 | E360: 11A | F360: 2001280480 | G360: 6842045670 | H360: 68308007857 | I360: Bơ Nah Ria Ma Diệp
A361: 356 | B361: 11A | C361: =IF(B361=B360,C360+1,1) -> 3 | D361: 3 | E361: 11A | F361: 2001280423 | G361: 6879004261 | H361: 68307002252 | I361: K' Duyên
... A385: 380 | B385: 11A | C385: =IF(B385=B384,C384+1,1) -> 27 | D385: 27 | E385: 11A | F385: 2001269771 | G385: 6845470420 | H385: 68308001197 | I385: Ny Tra
A386: 381 | B386: 11A | C386: =IF(B386=B385,C385+1,1) -> 28 | D386: 28 | E386: 11A | F386: 2001269772 | G386: 6845470448 | H386: 68308011700 | I386: Tou Tiang Mỹ Trâm | M386: đi lễ
A387: 382 | B387: 11B | C387: =IF(B387=B386,C386+1,1) -> 1 | D387: 1 | E387: 11B | F387: 2001128250 | G387: 6800973414 | H387: 68308004320 | I387: Bùi Mai Anh
A388: 383 | B388: 11B | C388: =IF(B388=B387,C387+1,1) -> 2 | D388: 2 | E388: 11B | F388: 2001280475 | G388: 6858719704 | H388: 68308003198 | I388: Jơrlơng Nai Anh | M388: về nhà
A389: 384 | B389: 11B | C389: =IF(B389=B388,C388+1,1) -> 3 | D389: 3 | E389: 11B | F389: 2001242545 | G389: 6840076712 | H389: 68308008563 | I389: Lương Ngọc Ánh
A390: 385 | B390: 11B | C390: =IF(B390=B389,C389+1,1) -> 4 | D390: 4 | E390: 11B | F390: 2001280419 | G390: 6800057592 | H390: 68208010842 | I390: Ya Ru Bất
A391: 386 | B391: 11B | C391: =IF(B391=B390,C390+1,1) -> 5 | D391: 5 | E391: 11B | F391: 2001280479 | G391: 6842044609 | H391: 68308001174 | I391: Jơ Rlơng Thi Ca
A392: 387 | B392: 11B | C392: =IF(B392=B391,C391+1,1) -> 6 | D392: 6 | E392: 11B | F392: 2001280422 | G392: 6858719680 | H392: 68308005559 | I392: Jơrlơng Nai Chơn
A393: 388 | B393: 11B | C393: =IF(B393=B392,C392+1,1) -> 7 | D393: 7 | E393: 11B | F393: 2001128192 | G393: 6853458308 | H393: 68208002673 | I393: K' Tony Dajang
A394: 389 | B394: 11B | C394: =IF(B394=B393,C393+1,1) -> 8 | D394: 8 | E394: 11B | F394: 2001280424 | G394: 6858719682 | H394: 68208007986 | I394: Bon Dơng Ha Đoan
A395: 390 | B395: 11B | C395: =IF(B395=B394,C394+1,1) -> 9 | D395: 9 | E395: 11B | F395: 2001128259 | G395: 6853458374 | H395: 68308001046 | I395: K' M Đuyến
A396: 391 | B396: 11B | C396: =IF(B396=B395,C395+1,1) -> 10 | D396: 10 | E396: 11B | F396: 2001128229 | G396: 6853458346 | H396: 68308008576 | I396: Hoàng Mỹ Hạnh
A397: 392 | B397: 11B | C397: =IF(B397=B396,C396+1,1) -> 11 | D397: 11 | E397: 11B | F397: 2001280486 | G397: 6858719708 | H397: 68308004879 | I397: Rơ Ông K' Hiêm
A398: 393 | B398: 11B | C398: =IF(B398=B397,C397+1,1) -> 12 | D398: 12 | E398: 11B | F398: 2001128232 | G398: 6853458348 | H398: 68308002629 | I398: Ka Hiền
A399: 394 | B399: 11B | C399: =IF(B399=B398,C398+1,1) -> 13 | D399: 13 | E399: 11B | F399: 2001280488 | G399: 6858719710 | H399: 68208012262 | I399: Liêng Hót Ry Hil
A400: 395 | B400: 11B | C400: =IF(B400=B399,C399+1,1) -> 14 | D400: 14 | E400: 11B | F400: 2001128263 | G400: 6853458379 | H400: 68308013094 | I400: Ka Hoe
... A473: 468 | B473: 11C2 | C473: =IF(B473=B472,C472+1,1) -> 27 | D473: 27 | E473: 11C2 | F473: 2001128210 | G473: 6853458327 | H473: 68308008469 | I473: Ka Thu
A474: 469 | B474: 11C2 | C474: =IF(B474=B473,C473+1,1) -> 28 | D474: 28 | E474: 11C2 | F474: 2001224124 | I474: Long Dưng K' Thuệ
A475: 470 | B475: 11C2 | C475: =IF(B475=B474,C474+1,1) -> 29 | D475: 29 | E475: 11C2 | F475: 2001223991 | G475: 6839443579 | H475: 68308010409 | I475: Rơ Ông K' Thúy
...

Sheet 2526-DS HS không ăn old
E2: Tháng 10 / 2026 | J2: Ngày | K2: 1 | L2: 1 | M2: 1 | N2: 2 | O2: 2 | P2: 2 | Q2: 3 | R2: 3 | S2: 3 | T2: 4 | U2: 4 | V2: 4 | W2: 5 | X2: 5 | Y2: 5 | Z2: 6 | AA2: 6 | AB2: 6 | AC2: 7 | AD2: 7 | AE2: 7 | AF2: 8 | AG2: 8 | AH2: 8 | AI2: 9 | AJ2: 9 | AK2: 9 | AL2: 10 | AM2: 10 | AN2: 10 | AO2: 11 | AP2: 11 | AQ2: 11 | AR2: 12 | AS2: 12 | AT2: 12 | AU2: 13 | AV2: 13 | AW2: 13 | AX2: 14 | AY2: 14 | AZ2: 14 | BA2: 15 | BB2: 15 | BC2: 15 | BD2: 16 | BE2: 16 | BF2: 16 | BG2: 17 | BH2: 17 | BI2: 17 | BJ2: 18 | BK2: 18 | BL2: 18 | BM2: 19 | BN2: 19 | BO2: 19 | BP2: 20 | BS2: 21 | BT2: 21 | BU2: 21 | BV2: 22 | BW2: 22 | BX2: 22 | BY2: 23 | BZ2: 23 | CA2: 23 | CB2: 24 | CC2: 24 | CD2: 24 | CE2: 25 | CF2: 25 | CG2: 25 | CH2: 26 | CK2: 27 | CN2: 28 | CO2: 28 | CP2: 28 | CQ2: 29 | CR2: 29 | CS2: 29 | CT2: 30 | CU2: 30 | CV2: 30 | CW2: 31 | CX2: 31 | CY2: 31
A3: =COUNTA(A6:A650) -> 645 | B3: =COUNTIF(B6:B630,"?") -> 0 | C3: =COUNTA(C6:C650) -> 645 | D3: =COUNTA(D6:D630) -> 0 | E3: =COUNTA(E6:E630) -> 93 | F3: =COUNTA(F6:F650) -> 645 | J3: Thứ | K3: Tư | N3: Năm | Q3: Sáu | T3: Bảy | U3: Bảy | V3: Bảy | W3: CN | X3: CN | Y3: CN | Z3: Hai | AC3: Ba | AF3: Tư | AI3: Năm | AL3: Sáu | AM3: Sáu | AN3: Sáu | AO3: Bảy | AP3: Bảy | AQ3: Bảy | AR3: CN | AS3: CN | AT3: CN | AU3: Hai | AX3: Ba | BA3: Tư | BD3: Năm | BG3: Sáu | BJ3: Bảy | BK3: Bảy | BL3: Bảy | BM3: CN | BN3: CN | BO3: CN | BP3: Hai | BS3: Ba | BV3: Tư | BY3: Năm | CB3: Sáu | CE3: Bảy | CF3: Bảy | CG3: Bảy | CH3: CN | CI3: CN | CJ3: CN | CK3: Hai | CL3: Hai | CM3: Hai | CN3: Ba | CQ3: Tư | CT3: Năm | CW3: Sáu | CZ3: Bảy | DA3: Bảy | DB3: Bảy | DC3: CN | DD3: CN | DE3: CN | DF3: Bảy | DG3: Bảy | DH3: Bảy | DI3: CN | DJ3: CN | DK3: CN
A4: STT | B4: KT lớp | F4: Lớp | G4: Mã học sinh | H4: Mã MOET | I4: Số định danh | J4: Họ và tên | K4: Sáng | L4: Trưa | M4: Chiều | N4: Sáng | O4: Trưa | P4: Chiều | Q4: Sáng | R4: Trưa | S4: Chiều | T4: Sáng | U4: Trưa | V4: Chiều | W4: Sáng | X4: Trưa | Y4: Chiều | Z4: Sáng | AA4: Trưa | AB4: Chiều | AC4: Sáng | AD4: Trưa | AE4: Chiều | AF4: Sáng | AG4: Trưa | AH4: Chiều | AI4: Sáng | AJ4: Trưa | AK4: Chiều | AL4: Sáng | AM4: Trưa | AN4: Chiều | AO4: Sáng | AP4: Trưa | AQ4: Chiều | AR4: Sáng | AS4: Trưa | AT4: Chiều | AU4: Sáng | AV4: Trưa | AW4: Chiều | AX4: Sáng | AY4: Trưa | AZ4: Chiều | BA4: Sáng | BB4: Trưa | BC4: Chiều | BD4: Sáng | BE4: Trưa | BF4: Chiều | BG4: Sáng | BH4: Trưa | BI4: Chiều | BJ4: Sáng | BK4: Trưa | BL4: Chiều | BM4: Sáng | BN4: Trưa | BO4: Chiều | BP4: Sáng | BQ4: Trưa | BR4: Chiều | BS4: Sáng | BT4: Trưa | BU4: Chiều | BV4: Sáng | BW4: Trưa | BX4: Chiều | BY4: Sáng | BZ4: Trưa | CA4: Chiều | CB4: Sáng | CC4: Trưa | CD4: Chiều | CE4: Sáng | CF4: Trưa | CG4: Chiều | CH4: Sáng | CI4: Trưa | CJ4: Chiều | CK4: Sáng | CL4: Trưa | CM4: Chiều | CN4: Sáng | CO4: Trưa | CP4: Chiều | CQ4: Sáng | CR4: Trưa | CS4: Chiều | CT4: Sáng | CU4: Trưa | CV4: Chiều | CW4: Sáng | CX4: Trưa | CY4: Chiều
B5: =COUNTA(B6:B650) -> 107 | E5: STT
A6: 1 | B6: =IF(C6<>F6,"?","") | C6: 6A | E6: 1 | F6: 6A | G6: 2005929926 | J6: Bon Niêng K' A Ngọc Bé | BI6: Vn | BJ6: Vn | BK6: Vn | BL6: Vn | BM6: Vn | BN6: Vn | BO6: Vn
A7: 2 | B7: =IF(C7<>F7,"?","") | C7: 6A | E7: 2 | F7: 6A | G7: 2005987563 | J7: Phi Srônh Khánh Di | BI7: Vn | BJ7: Vn | BK7: Vn | BL7: Vn | BM7: Vn | BN7: Vn | BO7: Vn
A8: 3 | B8: =IF(C8<>F8,"?","") | C8: 6A | E8: 3 | F8: 6A | G8: 2007861016 | J8: Lơ Mu Phong Đạt | BI8: Vn | BJ8: Vn | BK8: Vn | BL8: Vn | BM8: Vn | BN8: Vn | BO8: Vn
A9: 4 | B9: =IF(C9<>F9,"?","") | C9: 6A | E9: 4 | F9: 6A | G9: 2007275982 | J9: Đa Goút Ngọc Hân | BI9: Vn | BJ9: Vn | BK9: Vn | BL9: Vn | BM9: Vn | BN9: Vn | BO9: Vn
A10: 5 | B10: =IF(C10<>F10,"?","") | C10: 6A | E10: 5 | F10: 6A | G10: 2005932767 | J10: Khổng Hữu Nhật Hưng | U10: vn | V10: vn | W10: vn | X10: vn | BI10: Vn | BJ10: Vn | BK10: Vn | BL10: Vn | BM10: Vn | BN10: Vn | BO10: Vn
A11: 6 | B11: =IF(C11<>F11,"?","") | C11: 6A | E11: 6 | F11: 6A | G11: 2005987564 | J11: Kră Jăn Inly | BI11: Vn | BJ11: Vn | BK11: Vn | BL11: Vn | BM11: Vn | BN11: Vn | BO11: Vn
A12: 7 | B12: =IF(C12<>F12,"?","") | C12: 6A | E12: 7 | F12: 6A | G12: 2007861253 | J12: Kon Sơ Jack Ky | BI12: Vn | BJ12: Vn | BK12: Vn | BL12: Vn | BM12: Vn | BN12: Vn | BO12: Vn
A13: 8 | B13: =IF(C13<>F13,"?","") | C13: 6A | E13: 8 | F13: 6A | G13: 2007282084 | J13: Kơ Să Lê Bê La | BI13: Vn | BJ13: Vn | BK13: Vn | BL13: Vn | BM13: Vn | BN13: Vn | BO13: Vn
A14: 9 | B14: =IF(C14<>F14,"?","") | C14: 6A | E14: 9 | F14: 6A | G14: 2007771303 | J14: Kon Sa Mỹ Lệ | BI14: Vn | BJ14: Vn | BK14: Vn | BL14: Vn | BM14: Vn | BN14: Vn | BO14: Vn
A15: 10 | B15: =IF(C15<>F15,"?","") | C15: 6A | E15: 10 | F15: 6A | G15: 2005987566 | J15: Rơ Ông K' Lộc | BI15: Vn | BJ15: Vn | BK15: Vn | BL15: Vn | BM15: Vn | BN15: Vn | BO15: Vn
A16: 11 | B16: =IF(C16<>F16,"?","") | C16: 6A | E16: 11 | F16: 6A | G16: 2005929465 | J16: Rơ Ông Kim Luôn | BI16: Vn | BJ16: Vn | BK16: Vn | BL16: Vn | BM16: Vn | BN16: Vn | BO16: Vn
A17: 12 | B17: =IF(C17<>F17,"?","") | C17: 6A | E17: 12 | F17: 6A | G17: 2005929092 | J17: Rơ Ông K' Mã | BI17: Vn | BJ17: Vn | BK17: Vn | BL17: Vn | BM17: Vn | BN17: Vn | BO17: Vn
A18: 13 | B18: =IF(C18<>F18,"?","") | C18: 6A | E18: 13 | F18: 6A | G18: 2007281821 | J18: Bon Dơng Ja Min | BI18: Vn | BJ18: Vn | BK18: Vn | BL18: Vn | BM18: Vn | BN18: Vn | BO18: Vn
A19: 14 | B19: =IF(C19<>F19,"?","") | C19: 6A | E19: 14 | F19: 6A | G19: 2007771938 | J19: Kon Sơ Han Na | BI19: Vn | BJ19: Vn | BK19: Vn | BL19: Vn | BM19: Vn | BN19: Vn | BO19: Vn
A20: 15 | B20: =IF(C20<>F20,"?","") | C20: 6A | E20: 15 | F20: 6A | G20: 2007269049 | J20: Kră Jăn Glê Na | AP20: VN | AQ20: VN | AR20: VN | AS20: VN | BI20: Vn | BJ20: Vn | BK20: Vn | BL20: Vn | BM20: Vn | BN20: Vn | BO20: Vn
A21: 16 | B21: =IF(C21<>F21,"?","") | C21: 6A | E21: 16 | F21: 6A | G21: 2005985963 | J21: Kơ Să Phương Nghi | U21: vn | V21: vn | W21: vn | X21: vn | AP21: VN | AQ21: VN | AR21: VN | AS21: VN | BI21: Vn | BJ21: Vn | BK21: Vn | BL21: Vn | BM21: Vn | BN21: Vn | BO21: Vn
A22: 17 | B22: =IF(C22<>F22,"?","") | C22: 6A | E22: 17 | F22: 6A | G22: 2007281822 | J22: Kră Jãn Như Nghiệp | AP22: VN | AQ22: VN | AR22: VN | AS22: VN | BI22: Vn | BJ22: Vn | BK22: Vn | BL22: Vn | BM22: Vn | BN22: Vn | BO22: Vn
A23: 18 | B23: =IF(C23<>F23,"?","") | C23: 6A | E23: 18 | F23: 6A | G23: 2007289895 | J23: Kơ Să An Nhiên | BI23: Vn | BJ23: Vn | BK23: Vn | BL23: Vn | BM23: Vn | BN23: Vn | BO23: Vn
A24: 19 | B24: =IF(C24<>F24,"?","") | C24: 6A | E24: 19 | F24: 6A | G24: 2006022256 | J24: Long Dưng A La Pha | BI24: Vn | BJ24: Vn | BK24: Vn | BL24: Vn | BM24: Vn | BN24: Vn | BO24: Vn
A25: 20 | B25: =IF(C25<>F25,"?","") | C25: 6A | E25: 20 | F25: 6A | G25: 2005930865 | J25: Hoàng Ninh Hải Quân | U25: vn | V25: vn | W25: vn | AP25: VN | AQ25: VN | AR25: VN | AS25: VN | BI25: Vn | BJ25: Vn | BK25: Vn | BL25: Vn | BM25: Vn | BN25: Vn | BO25: Vn
A26: 21 | B26: =IF(C26<>F26,"?","") | C26: 6A | E26: 21 | F26: 6A | G26: 2007779557 | J26: A Dắt Sa Ring | AP26: VN | AQ26: VN | AR26: VN | AS26: VN | BI26: Vn | BJ26: Vn | BK26: Vn | BL26: Vn | BM26: Vn | BN26: Vn | BO26: Vn
A27: 22 | B27: =IF(C27<>F27,"?","") | C27: 6A | E27: 22 | F27: 6A | G27: 2007361108 | J27: Kon Sa Trần Minh Tâm | BI27: Vn | BJ27: Vn | BK27: Vn | BL27: Vn | BM27: Vn | BN27: Vn | BO27: Vn
A28: 23 | B28: =IF(C28<>F28,"?","") | C28: 6A | E28: 23 | F28: 6A | G28: 2007290526 | J28: Kră Jăn Bảo Thi | AP28: VN | AQ28: VN | AR28: VN | AS28: VN | BI28: Vn | BJ28: Vn | BK28: Vn | BL28: Vn | BM28: Vn | BN28: Vn | BO28: Vn
A29: 24 | B29: =IF(C29<>F29,"?","") | C29: 6A | E29: 24 | F29: 6A | G29: 2006770213 | J29: Bon Dưng Gia Thiện | BI29: Vn | BJ29: Vn | BK29: Vn | BL29: Vn | BM29: Vn | BN29: Vn | BO29: Vn
A30: 25 | B30: =IF(C30<>F30,"?","") | C30: 6A | E30: 25 | F30: 6A | G30: 2007774899 | J30: Sohao Phương Thùy | BI30: Vn | BJ30: Vn | BK30: Vn | BL30: Vn | BM30: Vn | BN30: Vn | BO30: Vn
A31: 26 | B31: =IF(C31<>F31,"?","") | C31: 6A | E31: 26 | F31: 6A | G31: 2007281828 | J31: Liêng Jrang Ru Tơ | BI31: Vn | BJ31: Vn | BK31: Vn | BL31: Vn | BM31: Vn | BN31: Vn | BO31: Vn
A32: 54 | B32: =IF(C32<>F32,"?","") | C32: 6A | E32: 27 | F32: 6A | G32: 2007236925 | J32: Rơ Ông K' Thư | AP32: VN | AQ32: VN | AR32: VN | AS32: VN | BI32: Vn | BJ32: Vn | BK32: Vn | BL32: Vn | BM32: Vn | BN32: Vn | BO32: Vn
A33: 27 | B33: =IF(C33<>F33,"?","") | C33: 6A | E33: 28 | F33: 6A | G33: 2007398127 | J33: Bùi Thị Huyền Trâm | BI33: Vn | BJ33: Vn | BK33: Vn | BL33: Vn | BM33: Vn | BN33: Vn | BO33: Vn
A34: 28 | B34: =IF(C34<>F34,"?","") | C34: 6A | E34: 29 | F34: 6A | G34: 2007290534 | J34: Liêng Jrang Lệ Trinh | BI34: Vn | BJ34: Vn | BK34: Vn | BL34: Vn | BM34: Vn | BN34: Vn | BO34: Vn
A35: 29 | B35: =IF(C35<>F35,"?","") | C35: 6B | E35: 1 | F35: 6B | G35: 2005925205 | J35: Trương Văn An | BI35: Vn | BJ35: Vn | BK35: Vn | BL35: Vn | BM35: Vn | BN35: Vn | BO35: Vn
A36: 30 | B36: =IF(C36<>F36,"?","") | C36: 6B | E36: 2 | F36: 6B | G36: 2007291610 | J36: Kră Jăn Ngọc Ánh | AP36: vn | AQ36: vn | AR36: vn | AS36: vn | BI36: Vn | BJ36: Vn | BK36: Vn | BL36: Vn | BM36: Vn | BN36: Vn | BO36: Vn
A37: 31 | B37: =IF(C37<>F37,"?","") | C37: 6B | E37: 3 | F37: 6B | G37: 2005985972 | J37: Liêng Hót Dêbôra | S37: VN | T37: VN | U37: VN | V37: VN | W37: VN | X37: VN | AP37: vn | AQ37: vn | AR37: vn | AS37: vn | BI37: Vn | BJ37: Vn | BK37: Vn | BL37: Vn | BM37: Vn | BN37: Vn | BO37: Vn
A38: 32 | B38: =IF(C38<>F38,"?","") | C38: 6B | E38: 4 | F38: 6B | G38: 2005927229 | J38: Bon Niêng K' Gưm | AP38: vn | AQ38: vn | AR38: vn | AS38: vn | BI38: Vn | BJ38: Vn | BK38: Vn | BL38: Vn | BM38: Vn | BN38: Vn | BO38: Vn
A39: 33 | B39: =IF(C39<>F39,"?","") | C39: 6B | E39: 5 | F39: 6B | G39: 2006153308 | J39: Đà Cắt K' Na Hi | AP39: vn | AQ39: vn | AR39: vn | AS39: vn | BI39: Vn | BJ39: Vn | BK39: Vn | BL39: Vn | BM39: Vn | BN39: Vn | BO39: Vn
A40: 34 | B40: =IF(C40<>F40,"?","") | C40: 6B | E40: 6 | F40: 6B | G40: 2006027380 | J40: Chu Nhật Huy | BI40: Vn | BJ40: Vn | BK40: Vn | BL40: Vn | BM40: Vn | BN40: Vn | BO40: Vn
A41: 35 | B41: =IF(C41<>F41,"?","") | C41: 6B | E41: 7 | F41: 6B | G41: 2009200496 | J41: Lơ Mu Julia | AP41: vn | AQ41: vn | AR41: vn | AS41: vn | BI41: Vn | BJ41: Vn | BK41: Vn | BL41: Vn | BM41: Vn | BN41: Vn | BO41: Vn
A42: 36 | B42: =IF(C42<>F42,"?","") | C42: 6B | E42: 8 | F42: 6B | G42: 2005930679 | J42: Cil Múp Ja Kốp | BI42: Vn | BJ42: Vn | BK42: Vn | BL42: Vn | BM42: Vn | BN42: Vn | BO42: Vn
A43: 37 | B43: =IF(C43<>F43,"?","") | C43: 6B | E43: 9 | F43: 6B | G43: 2007291628 | J43: Lơ Mu Shay La | AP43: vn | AQ43: vn | AR43: vn | AS43: vn | BI43: Vn | BJ43: Vn | BK43: Vn | BL43: Vn | BM43: Vn | BN43: Vn | BO43: Vn
A44: 38 | B44: =IF(C44<>F44,"?","") | C44: 6B | E44: 10 | F44: 6B | G44: 2007780281 | J44: Sơ Ao Ha Su Len | AP44: vn | AQ44: vn | AR44: vn | AS44: vn | BI44: Vn | BJ44: Vn | BK44: Vn | BL44: Vn | BM44: Vn | BN44: Vn | BO44: Vn
A45: 39 | B45: =IF(C45<>F45,"?","") | C45: 6B | E45: 11 | F45: 6B | G45: 2007269044 | J45: Cil Múp Linđa | AP45: vn | AQ45: vn | AR45: vn | AS45: vn | BI45: Vn | BJ45: Vn | BK45: Vn | BL45: Vn | BM45: Vn | BN45: Vn | BO45: Vn
A46: 40 | B46: =IF(C46<>F46,"?","") | C46: 6B | E46: 12 | F46: 6B | G46: 2007260129 | J46: Rơ Ông K Lu-y | BI46: Vn | BJ46: Vn | BK46: Vn | BL46: Vn | BM46: Vn | BN46: Vn | BO46: Vn
A47: 41 | B47: =IF(C47<>F47,"?","") | C47: 6B | E47: 13 | F47: 6B | G47: 2007269046 | J47: Cil Múp Kê Ly | AP47: vn | AQ47: vn | AR47: vn | AS47: vn | BI47: Vn | BJ47: Vn | BK47: Vn | BL47: Vn | BM47: Vn | BN47: Vn | BO47: Vn
A48: 42 | B48: =IF(C48<>F48,"?","") | C48: 6B | E48: 14 | F48: 6B | G48: 2007104103 | J48: Bonnơr Thảo Mi | AP48: vn | AQ48: vn | AR48: vn | AS48: vn | BI48: Vn | BJ48: Vn | BK48: Vn | BL48: Vn | BM48: Vn | BN48: Vn | BO48: Vn
A49: 43 | B49: =IF(C49<>F49,"?","") | C49: 6B | E49: 15 | F49: 6B | G49: 2007291640 | J49: Lơ Mu Na Ham My | AP49: vn | AQ49: vn | AR49: vn | AS49: vn | BI49: Vn | BJ49: Vn | BK49: Vn | BL49: Vn | BM49: Vn | BN49: Vn | BO49: Vn
A50: 44 | B50: =IF(C50<>F50,"?","") | C50: 6B | E50: 16 | F50: 6B | G50: 2007265923 | J50: Kon Sơ Ly Na | AP50: vn | AQ50: vn | AR50: vn | AS50: vn | BI50: Vn | BJ50: Vn | BK50: Vn | BL50: Vn | BM50: Vn | BN50: Vn | BO50: Vn
A51: 45 | B51: =IF(C51<>F51,"?","") | C51: 6B | E51: 17 | F51: 6B | G51: 2007861497 | J51: Sơ Ao Su Nét | AP51: vn | AQ51: vn | AR51: vn | AS51: vn | BI51: Vn | BJ51: Vn | BK51: Vn | BL51: Vn | BM51: Vn | BN51: Vn | BO51: Vn
A52: 46 | B52: =IF(C52<>F52,"?","") | C52: 6B | E52: 18 | F52: 6B | G52: 2006153301 | J52: Kơ Să Phương Nghi | AP52: vn | AQ52: vn | AR52: vn | AS52: vn | BI52: Vn | BJ52: Vn | BK52: Vn | BL52: Vn | BM52: Vn | BN52: Vn | BO52: Vn
A53: 47 | B53: =IF(C53<>F53,"?","") | C53: 6B | E53: 19 | F53: 6B | G53: 2005985964 | J53: Liêng Hót Khánh Ngọc | AP53: vn | AQ53: vn | AR53: vn | AS53: vn | BI53: Vn | BJ53: Vn | BK53: Vn | BL53: Vn | BM53: Vn | BN53: Vn | BO53: Vn
A54: 48 | B54: =IF(C54<>F54,"?","") | C54: 6B | E54: 20 | F54: 6B | G54: 2005926081 | J54: Ka Să Sa Nia | BI54: Vn | BJ54: Vn | BK54: Vn | BL54: Vn | BM54: Vn | BN54: Vn | BO54: Vn
A55: 49 | B55: =IF(C55<>F55,"?","") | C55: 6B | E55: 21 | F55: 6B | G55: 2006028162 | J55: Rơ Ông E Rin | AP55: vn | AQ55: vn | AR55: vn | AS55: vn | BI55: Vn | BJ55: Vn | BK55: Vn | BL55: Vn | BM55: Vn | BN55: Vn | BO55: Vn | BS55: ôm(vn) | BT55: ôm(vn) | BU55: ôm(vn) | BV55: ôm(vn) | BW55: ôm(vn) | BX55: ôm(vn)
A56: 50 | B56: =IF(C56<>F56,"?","") | C56: 6B | E56: 22 | F56: 6B | G56: 2009200511 | J56: Da Gout Saphy | AP56: vn | AQ56: vn | AR56: vn | AS56: vn | BI56: Vn | BJ56: Vn | BK56: Vn | BL56: Vn | BM56: Vn | BN56: Vn | BO56: Vn | BS56: ôm(vn) | BT56: ôm(vn) | BU56: ôm(vn) | BV56: ôm(vn) | BW56: ôm(vn) | BX56: ôm(vn)
A57: 51 | B57: =IF(C57<>F57,"?","") | C57: 6B | E57: 23 | F57: 6B | G57: 2007266634 | J57: Kon Sa Ki Te | AP57: vn | AQ57: vn | AR57: vn | AS57: vn | BI57: Vn | BJ57: Vn | BK57: Vn | BL57: Vn | BM57: Vn | BN57: Vn | BO57: Vn
A58: 52 | B58: =IF(C58<>F58,"?","") | C58: 6B | E58: 24 | F58: 6B | G58: 2005918394 | J58: Cil Múp Ê Sơ Tê | BI58: Vn | BJ58: Vn | BK58: Vn | BL58: Vn | BM58: Vn | BN58: Vn | BO58: Vn
A59: 53 | B59: =IF(C59<>F59,"?","") | C59: 6B | E59: 25 | F59: 6B | G59: 2007278678 | J59: Cil Nhất Thùy | BI59: Vn | BJ59: Vn | BK59: Vn | BL59: Vn | BM59: Vn | BN59: Vn | BO59: Vn
A60: 55 | B60: =IF(C60<>F60,"?","") | C60: 6B | E60: 26 | F60: 6B | G60: 2007282101 | J60: Kon Sa Trần Huyền Trang | AP60: vn | AQ60: vn | AR60: vn | AS60: vn | BI60: Vn | BJ60: Vn | BK60: Vn | BL60: Vn | BM60: Vn | BN60: Vn | BO60: Vn
A61: 57 | B61: =IF(C61<>F61,"?","") | C61: 6B | E61: 28 | F61: 6B | G61: 2007245142 | J61: Da Cat Đô Yan | AP61: vn | AQ61: vn | AR61: vn | AS61: vn | BI61: Vn | BJ61: Vn | BK61: Vn | BL61: Vn | BM61: Vn | BN61: Vn | BO61: Vn | BS61: ôm(vn) | BT61: ôm(vn) | BU61: ôm(vn) | BV61: ôm(vn) | BW61: ôm(vn) | BX61: ôm(vn)
A62: 58 | B62: =IF(C62<>F62,"?","") | C62: 7A | F62: 7A | G62: 2003011968 | H62: 6870987192 | J62: Kră Jẵn Da Lia A | BI62: Vn | BJ62: Vn | BK62: Vn | BL62: Vn | BM62: Vn | BN62: Vn | BO62: Đi với Ph
A63: 59 | B63: =IF(C63<>F63,"?","") | C63: 7A | F63: 7A | G63: 2007266660 | H63: 6839557963 | J63: Da Góut Lê An | AQ63: VN | AR63: VN | AS63: VN | BI63: Vn | BJ63: Vn | BK63: Vn | BL63: Vn | BM63: Vn | BN63: Vn | BO63: Đi với Ph
A64: 60 | B64: =IF(C64<>F64,"?","") | C64: 7A | F64: 7A | G64: 2003016149 | H64: 6884337059 | J64: Ntôl Bùi Thiên Ân | BI64: Vn | BJ64: Vn | BK64: Vn | BL64: Vn | BM64: Vn | BN64: Vn | BO64: Đi với Ph
A65: 61 | B65: =IF(C65<>F65,"?","") | C65: 7A | F65: 7A | G65: 2003015070 | H65: 6884337061 | J65: Kơ Să Catherine | BI65: Vn | BJ65: Vn | BK65: Vn | BL65: Vn | BM65: Vn | BN65: Vn | BO65: Đi với Ph | CI65: Đi lễ
A66: 62 | B66: =IF(C66<>F66,"?","") | C66: 7A | F66: 7A | G66: 2003007509 | H66: 6884337062 | J66: Kon Sơ Minh Châu | BI66: Vn | BJ66: Vn | BK66: Vn | BL66: Vn | BM66: Vn | BN66: Vn | BO66: Đi với Ph | CI66: Đi với ph
A67: 63 | B67: =IF(C67<>F67,"?","") | C67: 7A | F67: 7A | G67: 2007266667 | H67: 6839561127 | J67: Cil Múp La Dy | AQ67: VN | AR67: VN | AS67: VN | BI67: Vn | BJ67: Vn | BK67: Vn | BL67: Vn | BM67: Vn | BN67: Vn | BO67: Đi với Ph | CI67: Đi lễ
A68: 64 | B68: =IF(C68<>F68,"?","") | C68: 7A | F68: 7A | G68: 2003014813 | H68: 6857524934 | J68: Kơ Să Hê Grin | BI68: Vn | BJ68: Vn | BK68: Vn | BL68: Vn | BM68: Vn | BN68: Vn | BO68: Đi với Ph
A69: 65 | B69: =IF(C69<>F69,"?","") | C69: 7A | F69: 7A | G69: 2003016195 | H69: 6884337063 | J69: Dơng Gur Si Kha | BI69: Vn | BJ69: Vn | BK69: Vn | BL69: Vn | BM69: Vn | BN69: Vn | BO69: Đi với Ph | CI69: Đi với PH
A70: 66 | B70: =IF(C70<>F70,"?","") | C70: 7A | F70: 7A | G70: 2003007491 | H70: 6878019274 | J70: Kơ Să Nông Tiến Khoa | AQ70: Vn | AR70: Vn | AS70: Vn | BI70: Vn | BJ70: Vn | BK70: Vn | BL70: Vn | BM70: Vn | BN70: Vn | BO70: Đi với Ph | CG70: Đi với chị | CI70: Đi với chị
A71: 67 | B71: =IF(C71<>F71,"?","") | C71: 7A | F71: 7A | G71: 2003016199 | H71: 6884337064 | J71: Kon Sa The Kô | AK71: Vn | AL71: Vn | AM71: Vn | AN71: Vn | BI71: Vn | BJ71: Vn | BK71: Vn | BL71: Vn | BM71: Vn | BN71: Vn | BO71: Đi với Ph | CI71: Đi lễ
A72: 68 | B72: =IF(C72<>F72,"?","") | C72: 7A | F72: 7A | G72: 2001227492 | H72: 6878153419 | J72: Dơng Gur Ha Krơng | BI72: Vn | BJ72: Vn | BK72: Vn | BL72: Vn | BM72: Vn | BN72: Vn | BO72: Đi với Ph | CG72: Đi với chị | CI72: Đi với chị
A73: 69 | B73: =IF(C73<>F73,"?","") | C73: 7A | F73: 7A | G73: 2007250577 | H73: 6844474140 | J73: Klong Như Lan | AQ73: Vn | AR73: Vn | AS73: Vn | BI73: Vn | BJ73: Vn | BK73: Vn | BL73: Vn | BM73: Vn | BN73: Vn | BO73: Đi với Ph
A74: 70 | B74: =IF(C74<>F74,"?","") | C74: 7A | F74: 7A | G74: 2007266483 | H74: 6844474196 | J74: Rơ Ông K' Le | BI74: Vn | BJ74: Vn | BK74: Vn | BL74: Vn | BM74: Vn | BN74: Vn | BO74: Đi với Ph
A75: 71 | B75: =IF(C75<>F75,"?","") | C75: 7A | F75: 7A | G75: 2003011956 | H75: 6844806319 | J75: Kră Jăn K' Linh | AQ75: Vn | AR75: Vn | AS75: Vn | BI75: Vn | BJ75: Vn | BK75: Vn | BL75: Vn | BM75: Vn | BN75: Vn | BO75: Đi với Ph | CI75: Đi lễ
A76: 72 | B76: =IF(C76<>F76,"?","") | C76: 7A | F76: 7A | G76: 2006153766 | H76: 6884337065 | J76: Klong K' Loan | AQ76: VN | AR76: VN | AS76: VN | BI76: Vn | BJ76: Vn | BK76: Vn | BL76: Vn | BM76: Vn | BN76: Vn | BO76: Đi với Ph | CI76: Đi lễ
A77: 73 | B77: =IF(C77<>F77,"?","") | C77: 7A | F77: 7A | G77: 2003016119 | H77: 6884337066 | J77: Rơ Ông Ha Luis | BI77: Vn | BJ77: Vn | BK77: Vn | BL77: Vn | BM77: Vn | BN77: Vn | BO77: Đi với Ph | CI77: Đi với ph
A78: 74 | B78: =IF(C78<>F78,"?","") | C78: 7A | F78: 7A | G78: 2003011884 | H78: 6848391598 | J78: Kon Sơ K' Khên Ly | AQ78: Vn | AR78: Vn | AS78: Vn | BI78: Vn | BJ78: Vn | BK78: Vn | BL78: Vn | BM78: Vn | BN78: Vn | BO78: Đi với Ph
A79: 75 | B79: =IF(C79<>F79,"?","") | C79: 7A | F79: 7A | G79: 2003007482 | H79: 6802301416 | J79: Cil Pam Khôi Nguyên | BI79: Vn | BJ79: Vn | BK79: Vn | BL79: Vn | BM79: Vn | BN79: Vn | BO79: Đi với Ph
A80: 76 | B80: =IF(C80<>F80,"?","") | C80: 7A | F80: 7A | G80: 2006153788 | H80: 6858294710 | J80: Pang Ting Trắng Thu Nguyệt | AQ80: VN | AR80: VN | AS80: VN | BI80: Vn | BJ80: Vn | BK80: Vn | BL80: Vn | BM80: Vn | BN80: Vn | BO80: Đi với Ph
A81: 77 | B81: =IF(C81<>F81,"?","") | C81: 7A | F81: 7A | G81: 2009201989 | H81: 6804793994 | J81: Bạch Pang Thiện Nhân | AQ81: Vn | AR81: Vn | AS81: Vn | BI81: Vn | BJ81: Vn | BK81: Vn | BL81: Vn | BM81: Vn | BN81: Vn | BO81: Đi với Ph
A82: 78 | B82: =IF(C82<>F82,"?","") | C82: 7A | F82: 7A | G82: 2007115913 | H82: 6840162672 | J82: Cêl Môp Rơ Ông Nhuận | BI82: Vn | BJ82: Vn | BK82: Vn | BL82: Vn | BM82: Vn | BN82: Vn | BO82: Đi với Ph
A83: 79 | B83: =IF(C83<>F83,"?","") | C83: 7A | F83: 7A | G83: 2006163697 | H83: 6884337068 | J83: Rơ Ông Kỳ Phương | BI83: Vn | BJ83: Vn | BK83: Vn | BL83: Vn | BM83: Vn | BN83: Vn | BO83: Đi với Ph | CI83: Đi lễ
A84: 80 | B84: =IF(C84<>F84,"?","") | C84: 7A | F84: 7A | G84: 2006153773 | H84: 6884337069 | J84: Cil The Ry | AQ84: VN | AR84: VN | AS84: VN | BI84: Vn | BJ84: Vn | BK84: Vn | BL84: Vn | BM84: Vn | BN84: Vn | BO84: Đi với Ph | CI84: Đi lễ
A85: 81 | B85: =IF(C85<>F85,"?","") | C85: 7A | F85: 7A | G85: 2003012385 | H85: 6870986428 | J85: Kră Jãn Na Than | BI85: Vn | BJ85: Vn | BK85: Vn | BL85: Vn | BM85: Vn | BN85: Vn | BO85: Đi với Ph
A86: 82 | B86: =IF(C86<>F86,"?","") | C86: 7A | F86: 7A | G86: 2003014839 | H86: 6841159824 | J86: Bon Dơng Lê Thiên | BI86: Vn | BJ86: Vn | BK86: Vn | BL86: Vn | BM86: Vn | BN86: Vn | BO86: Đi với Ph | CI86: Đi lễ
A87: 83 | B87: =IF(C87<>F87,"?","") | C87: 7A | F87: 7A | G87: 2007266638 | H87: 6855815162 | J87: Klong Đức Thuận | BI87: Vn | BJ87: Vn | BK87: Vn | BL87: Vn | BM87: Vn | BN87: Vn | BO87: Đi với Ph
A88: 84 | B88: =IF(C88<>F88,"?","") | C88: 7A | F88: 7A | G88: 2003007504 | H88: 6878019283 | J88: Kơ Să Nông Thị Trang | BI88: Vn | BJ88: Vn | BK88: Vn | BL88: Vn | BM88: Vn | BN88: Vn | BO88: Đi với Ph
A89: 85 | B89: =IF(C89<>F89,"?","") | C89: 7A | F89: 7A | G89: 2003016166 | H89: 6884337070 | J89: Cil Múp Huyền Trân | BI89: Vn | BJ89: Vn | BK89: Vn | BL89: Vn | BM89: Vn | BN89: Vn | BO89: Đi với Ph
A90: 86 | B90: =IF(C90<>F90,"?","") | C90: 7A | F90: 7A | G90: 2003014922 | H90: 6841189638 | J90: Cil Yũ K' Hải Yến | AQ90: VN | AR90: VN | AS90: VN | BI90: Vn | BJ90: Vn | BK90: Vn | BL90: Vn | BM90: Vn | BN90: Vn | BO90: Đi với PH
A91: 87 | C91: 7B | F91: 7B | G91: 2007266665 | H91: 6884660085 | J91: Kră Jañ Ra Chel | BI91: VN | BJ91: VN | BK91: VN | BL91: VN | BM91: VN | BN91: VN | BO91: VN
A92: 88 | C92: 7B | F92: 7B | G92: 2003016118 | H92: 6884337184 | J92: Cil Múp MyRinDa | BI92: VN | BJ92: VN | BK92: VN | BL92: VN | BM92: VN | BN92: VN | BO92: VN
A93: 89 | C93: 7B | F93: 7B | G93: 2003016112 | H93: 6884337185 | J93: Ntôl Ha Dân | BI93: VN | BJ93: VN | BK93: VN | BL93: VN | BM93: VN | BN93: VN | BO93: VN
A94: 90 | C94: 7B | F94: 7B | G94: 2003012369 | H94: 6870987105 | J94: Kră Jăn K' Linh Đan | X94: Đi với PH | AP94: VN | AQ94: VN | AR94: VN | AS94: VN | BI94: VN | BJ94: VN | BK94: VN | BL94: VN | BM94: VN | BN94: VN | BO94: VN
A95: 91 | C95: 7B | F95: 7B | G95: 2006164505 | H95: 6884337186 | J95: K' Hi | V95: Đi với PH | BI95: VN | BJ95: VN | BK95: VN | BL95: VN | BM95: VN | BN95: VN | BO95: VN
A96: 92 | C96: 7B | F96: 7B | G96: 2003015048 | H96: 6841422869 | J96: Cao Kon Sơ Song Hỉ | X96: Đi với PH | BI96: VN | BJ96: VN | BK96: VN | BL96: VN | BM96: VN | BN96: VN | BO96: VN
A97: 93 | C97: 7B | F97: 7B | G97: 2006153764 | H97: 6884337188 | J97: Liêng Hót Jêrôham | AP97: VN | AQ97: VN | AR97: VN | AS97: VN | BI97: VN | BJ97: VN | BK97: VN | BL97: VN | BM97: VN | BN97: VN | BO97: VN
A98: 94 | C98: 7B | F98: 7B | G98: 2003015002 | H98: 6841201362 | J98: Lơ Mu Re Joice | X98: Đi với PH | BI98: VN | BJ98: VN | BK98: VN | BL98: VN | BM98: VN | BN98: VN | BO98: VN
A99: 95 | C99: 7B | F99: 7B | G99: 2003016104 | H99: 6803388754 | J99: Lê Võ Thiên Kim | AS99: Đi với PH | BI99: VN | BJ99: VN | BK99: VN | BL99: VN | BM99: VN | BN99: VN | BO99: VN
A100: 96 | C100: 7B | F100: 7B | G100: 2007266955 | H100: 6844474194 | J100: Pang Ting Trần Xuân Lam | V100: Đi với PH | BI100: VN | BJ100: VN | BK100: VN | BL100: VN | BM100: VN | BN100: VN | BO100: VN
A101: 97 | C101: 7B | F101: 7B | G101: 2003011892 | H101: 6801561613 | J101: Klong Hà Hải Luân | BI101: VN | BJ101: VN | BK101: VN | BL101: VN | BM101: VN | BN101: VN | BO101: VN
...

Sheet Bản sao của DS HS không ăn
J1: Tháng 12 / 2024
J2: Ngày | K2: 1 | N2: 2 | Q2: 3 | T2: 4 | W2: 5 | Z2: 6 | AC2: 7 | AD2: 7 | AE2: 7 | AF2: 8 | AG2: 8 | AH2: 8 | AI2: 9 | AL2: 10 | AO2: 11 | AR2: 12 | AU2: 13 | AX2: 14 | BA2: 15 | BD2: 16 | BG2: 17 | BJ2: 18 | BM2: 19 | BP2: 20 | BS2: 21 | BV2: 22 | BY2: 23 | CB2: 24 | CE2: 25 | CH2: 26 | CK2: 27 | CN2: 28 | CQ2: 29 | CR2: 29 | CS2: 29 | CT2: 30 | CU2: 30 | CV2: 30 | CW2: 31 | CX2: 31 | CY2: 31
F3: =COUNTA(F6:F645) -> 638 | J3: Thứ | K3: CN | N3: Hai | Q3: Ba | T3: Tư | W3: Năm | Z3: Sáu | AC3: Bảy | AD3: Bảy | AE3: Bảy | AF3: CN | AG3: CN | AH3: CN | AI3: Hai | AL3: Ba | AO3: Tư | AR3: Năm | AU3: Sáu | AX3: Bảy | BA3: CN | BD3: Hai | BG3: Ba | BJ3: Tư | BM3: Năm | BP3: Sáu | BS3: Bảy | BV3: CN | BY3: Hai | CB3: Ba | CE3: Tư | CH3: Năm | CK3: Sáu | CL3: Sáu | CM3: Sáu | CN3: Bảy | CO3: Bảy | CP3: Bảy | CQ3: CN | CR3: CN | CS3: CN | CT3: Hai | CW3: Ba
A4: STT | B4: KT lớp | F4: Lớp | G4: Mã học sinh | H4: Mã MOET | I4: Số định danh | J4: Họ và tên | K4: Sáng | L4: Trưa | M4: Chiều | N4: Sáng | O4: Trưa | P4: Chiều | Q4: Sáng | R4: Trưa | S4: Chiều | T4: Sáng | U4: Trưa | V4: Chiều | W4: Sáng | X4: Trưa | Y4: Chiều | Z4: Sáng | AA4: Trưa | AB4: Chiều | AC4: Sáng | AD4: Trưa | AE4: Chiều | AF4: Sáng | AG4: Trưa | AH4: Chiều | AI4: Sáng | AJ4: Trưa | AK4: Chiều | AL4: Sáng | AM4: Trưa | AN4: Chiều | AO4: Sáng | AP4: Trưa | AQ4: Chiều | AR4: Sáng | AS4: Trưa | AT4: Chiều | AU4: Sáng | AV4: Trưa | AW4: Chiều | AX4: Sáng | AY4: Trưa | AZ4: Chiều | BA4: Sáng | BB4: Trưa | BC4: Chiều | BD4: Sáng | BE4: Trưa | BF4: Chiều | BG4: Sáng | BH4: Trưa | BI4: Chiều | BJ4: Sáng | BK4: Trưa | BL4: Chiều | BM4: Sáng | BN4: Trưa | BO4: Chiều | BP4: Sáng | BQ4: Trưa | BR4: Chiều | BS4: Sáng | BT4: Trưa | BU4: Chiều | BV4: Sáng | BW4: Trưa | BX4: Chiều | BY4: Sáng | BZ4: Trưa | CA4: Chiều | CB4: Sáng | CC4: Trưa | CD4: Chiều | CE4: Sáng | CF4: Trưa | CG4: Chiều | CH4: Sáng | CI4: Trưa | CJ4: Chiều | CK4: Sáng | CL4: Trưa | CM4: Chiều | CN4: Sáng | CO4: Trưa | CP4: Chiều | CQ4: Sáng | CR4: Trưa | CS4: Chiều | CT4: Sáng | CU4: Trưa | CV4: Chiều | CW4: Sáng | CX4: Trưa | CY4: Chiều
E5: STT
A6: 1 | B6: =IF(C6=F6,"","?") | C6: 6A | D6: =IF(C6=C5,D5+1,1) -> 1 | E6: 1 | F6: 6A | G6: 2003011968 | H6: 6870987192 | I6: 68313006414 | J6: Kră Jẵn Da Lia A | AE6: về nhà | AF6: về nhà | AG6: về nhà
A7: 2 | B7: =IF(C7=F7,"","?") | C7: 6A | D7: =IF(C7=C6,D6+1,1) -> 2 | E7: 2 | F7: 6A | G7: 2007266660 | H7: 6839557963 | I7: 68313001040 | J7: Da Gout Lê An | AG7: đi ăn với PH
A8: 3 | B8: =IF(C8=F8,"","?") | C8: 6A | D8: =IF(C8=C7,D7+1,1) -> 3 | E8: 3 | F8: 6A | G8: 2003016149 | H8: 6884337059 | I8: 68213001414 | J8: Ntôl Bùi Thiên Ân | AG8: đi ăn với PH
A9: 4 | B9: =IF(C9=F9,"","?") | C9: 6A | D9: =IF(C9=C8,D8+1,1) -> 4 | E9: 4 | F9: 6A | G9: 2003015070 | H9: 6884337061 | I9: 68313008361 | J9: Kơ Să Catherine | AG9: đi ăn với PH
A10: 5 | B10: =IF(C10=F10,"","?") | C10: 6A | D10: =IF(C10=C9,D9+1,1) -> 5 | E10: 5 | F10: 6A | G10: 2003007509 | H10: 6884337062 | I10: 68313005641 | J10: Kon Sơ Minh Châu | AG10: đi ăn với PH
A11: 6 | B11: =IF(C11=F11,"","?") | C11: 6A | D11: =IF(C11=C10,D10+1,1) -> 6 | E11: 6 | F11: 6A | G11: 2007266667 | H11: 6839561127 | I11: 68313008475 | J11: Cil Múp La Dy | AE11: đi ăn với PH | AG11: đi ăn với PH
A12: 7 | B12: =IF(C12=F12,"","?") | C12: 6A | D12: =IF(C12=C11,D11+1,1) -> 7 | E12: 7 | F12: 6A | G12: 2003014813 | H12: 6857524934 | I12: 68213005595 | J12: Kơ Să Hê Grin | AG12: đi ăn với PH
A13: 8 | B13: =IF(C13=F13,"","?") | C13: 6A | D13: =IF(C13=C12,D12+1,1) -> 8 | E13: 8 | F13: 6A | G13: 2003016195 | H13: 6884337063 | I13: 68313008744 | J13: Dơng Gur Si Kha | AG13: đi ăn với PH
A14: 9 | B14: =IF(C14=F14,"","?") | C14: 6A | D14: =IF(C14=C13,D13+1,1) -> 9 | E14: 9 | F14: 6A | G14: 2003007491 | H14: 6878019274 | I14: 68213010984 | J14: Kơ Să Nông Tiến Khoa | AG14: đi ăn với PH
A15: 10 | B15: =IF(C15=F15,"","?") | C15: 6A | D15: =IF(C15=C14,D14+1,1) -> 10 | E15: 10 | F15: 6A | G15: 2003016199 | H15: 6884337064 | I15: 68313003847 | J15: Kon Sa The Kô | AG15: đi ăn với PH
A16: 11 | B16: =IF(C16=F16,"","?") | C16: 6A | D16: =IF(C16=C15,D15+1,1) -> 11 | E16: 11 | F16: 6A | G16: 2001227492 | H16: 6878153419 | I16: 68213005916 | J16: Dơng Gur Ha Krơng | AG16: đi ăn với PH
A17: 12 | B17: =IF(C17=F17,"","?") | C17: 6A | D17: =IF(C17=C16,D16+1,1) -> 12 | E17: 12 | F17: 6A | G17: 2007250577 | H17: 6844474140 | I17: 68313007622 | J17: Klong Như Lan | AG17: đi ăn với PH
A18: 13 | B18: =IF(C18=F18,"","?") | C18: 6A | D18: =IF(C18=C17,D17+1,1) -> 13 | E18: 13 | F18: 6A | G18: 2007266483 | H18: 6844474196 | I18: 68313008509 | J18: Rơ Ông K' Le | AG18: đi ăn với PH
A19: 14 | B19: =IF(C19=F19,"","?") | C19: 6A | D19: =IF(C19=C18,D18+1,1) -> 14 | E19: 14 | F19: 6A | G19: 2003011956 | H19: 6844806319 | I19: 68313001061 | J19: Kră Jăn K' Linh | AE19: về nhà | AF19: về nhà | AG19: về nhà
A20: 15 | B20: =IF(C20=F20,"","?") | C20: 6A | D20: =IF(C20=C19,D19+1,1) -> 15 | E20: 15 | F20: 6A | G20: 2006153766 | H20: 6884337065 | I20: 68313008703 | J20: Klong K' Loan | AG20: đi ăn với PH
A21: 16 | B21: =IF(C21=F21,"","?") | C21: 6A | D21: =IF(C21=C20,D20+1,1) -> 16 | E21: 16 | F21: 6A | G21: 2003016119 | H21: 6884337066 | I21: 68213012066 | J21: Rơ Ông Ha Luis | AE21: đi ăn với PH | AG21: đi ăn với PH
A22: 17 | B22: =IF(C22=F22,"","?") | C22: 6A | D22: =IF(C22=C21,D21+1,1) -> 17 | E22: 17 | F22: 6A | G22: 2003011884 | H22: 6848391598 | I22: 68313014239 | J22: Kon Sơ K' Khên Ly | AE22: về nhà | AF22: về nhà | AG22: về nhà
A23: 18 | B23: =IF(C23=F23,"","?") | C23: 6A | D23: =IF(C23=C22,D22+1,1) -> 18 | E23: 18 | F23: 6A | G23: 2003007482 | H23: 6802301416 | I23: 68213011901 | J23: Cil Pam Khôi Nguyên | AE23: về nhà | AF23: về nhà | AG23: về nhà
A24: 19 | B24: =IF(C24=F24,"","?") | C24: 6A | D24: =IF(C24=C23,D23+1,1) -> 19 | E24: 19 | F24: 6A | G24: 2006153788 | H24: 6858294710 | I24: 68313005805 | J24: Pang Ting Trắng Thu Nguyệt | AE24: về nhà | AF24: về nhà | AG24: về nhà
A25: 20 | B25: =IF(C25=F25,"","?") | C25: 6A | D25: =IF(C25=C24,D24+1,1) -> 20 | E25: 20 | F25: 6A | G25: 2009201989 | H25: 6804793994 | I25: 17213010875 | J25: Bạch Pang Thiện Nhân | AE25: về nhà | AF25: về nhà | AG25: về nhà
A26: 21 | B26: =IF(C26=F26,"","?") | C26: 6A | D26: =IF(C26=C25,D25+1,1) -> 21 | E26: 21 | F26: 6A | G26: 2007115913 | H26: 6840162672 | I26: 68213006387 | J26: Cêl Môp Rơ Ông Nhuận | AE26: đi ăn với PH | AG26: đi ăn với PH
A27: 22 | B27: =IF(C27=F27,"","?") | C27: 6A | D27: =IF(C27=C26,D26+1,1) -> 22 | E27: 22 | F27: 6A | G27: 2006163697 | H27: 6884337068 | I27: 68313012294 | J27: Rơ Ông Kỳ Phương | AG27: đi ăn với PH
A28: 23 | B28: =IF(C28=F28,"","?") | C28: 6A | D28: =IF(C28=C27,D27+1,1) -> 23 | E28: 23 | F28: 6A | G28: 2006153773 | H28: 6884337069 | I28: 68313008746 | J28: Cil The Ry | AG28: đi ăn với PH
A29: 24 | B29: =IF(C29=F29,"","?") | C29: 6A | D29: =IF(C29=C28,D28+1,1) -> 24 | E29: 24 | F29: 6A | G29: 2003012385 | H29: 6870986428 | I29: 68213002414 | J29: Kră Jãn Na Than | AE29: về nhà | AF29: về nhà | AG29: về nhà
A30: 25 | B30: =IF(C30=F30,"","?") | C30: 6A | D30: =IF(C30=C29,D29+1,1) -> 25 | E30: 25 | F30: 6A | G30: 2003014839 | H30: 6841159824 | I30: 68313003461 | J30: Bon Dơng Lê Thiên | AG30: đi ăn với PH
A31: 26 | B31: =IF(C31=F31,"","?") | C31: 6A | D31: =IF(C31=C30,D30+1,1) -> 26 | E31: 26 | F31: 6A | G31: 2007266638 | H31: 6855815162 | I31: 68213006448 | J31: Klong Đức Thuận | AE31: về nhà | AF31: về nhà | AG31: về nhà
A32: 27 | B32: =IF(C32=F32,"","?") | C32: 6A | D32: =IF(C32=C31,D31+1,1) -> 27 | E32: 27 | F32: 6A | G32: 2003007504 | H32: 6878019283 | I32: 68313004149 | J32: Kơ Să Nông Thị Trang | AE32: về nhà | AF32: về nhà | AG32: về nhà
A33: 28 | B33: =IF(C33=F33,"","?") | C33: 6A | D33: =IF(C33=C32,D32+1,1) -> 28 | E33: 28 | F33: 6A | G33: 2003016166 | H33: 6884337070 | I33: 68313004880 | J33: Cil Múp Huyền Trân | AG33: đi ăn với PH
A34: 29 | B34: =IF(C34=F34,"","?") | C34: 6A | D34: =IF(C34=C33,D33+1,1) -> 29 | E34: 29 | F34: 6A | G34: 2003014922 | H34: 6841189638 | I34: 68313010734 | J34: Cil Yũ K' Hải Yến | AG34: đi ăn với PH
A35: 30 | B35: =IF(C35=F35,"","?") | C35: 6B | D35: =IF(C35=C34,D34+1,1) -> 1 | E35: 1 | F35: 6B | G35: 2007266665 | H35: 6884660085 | I35: 68313012356 | J35: Kră Jañ Ra Chel | AE35: ĐI LỄ | AG35: Đi với ph
A36: 31 | B36: =IF(C36=F36,"","?") | C36: 6B | D36: =IF(C36=C35,D35+1,1) -> 2 | E36: 2 | F36: 6B | G36: 2003016118 | H36: 6884337184 | I36: 68313010493 | J36: Cil Múp My Rin Da
A37: 32 | B37: =IF(C37=F37,"","?") | C37: 6B | D37: =IF(C37=C36,D36+1,1) -> 3 | E37: 3 | F37: 6B | G37: 2003016112 | H37: 6884337185 | I37: 68213008583 | J37: Ntôl Ha Dân | AE37: ĐI LỄ | AG37: Đi với ph
A38: 33 | B38: =IF(C38=F38,"","?") | C38: 6B | D38: =IF(C38=C37,D37+1,1) -> 4 | E38: 4 | F38: 6B | G38: 2003012369 | H38: 6870987105 | I38: 68313005559 | J38: Kră Jăn K' Linh Đan | AG38: Đi với ph
A39: 34 | B39: =IF(C39=F39,"","?") | C39: 6B | D39: =IF(C39=C38,D38+1,1) -> 5 | E39: 5 | F39: 6B | G39: 2006164505 | H39: 6884337186 | I39: 68313007286 | J39: K' Hi | AE39: ĐI LỄ | AG39: Đi với ph
A40: 35 | B40: =IF(C40=F40,"","?") | C40: 6B | D40: =IF(C40=C39,D39+1,1) -> 6 | E40: 6 | F40: 6B | G40: 2003015048 | H40: 6841422869 | I40: 68213003815 | J40: Cao Kon Sơ Song Hỉ | AE40: ĐI LỄ | AG40: Đi với ph
A41: 36 | B41: =IF(C41=F41,"","?") | C41: 6B | D41: =IF(C41=C40,D40+1,1) -> 7 | E41: 7 | F41: 6B | G41: 2006153764 | H41: 6884337188 | I41: 68213007608 | J41: Liêng Hót Jêrôham | AE41: ĐI LỄ
A42: 37 | B42: =IF(C42=F42,"","?") | C42: 6B | D42: =IF(C42=C41,D41+1,1) -> 8 | E42: 8 | F42: 6B | G42: 2003015002 | H42: 6841201362 | I42: 68313006536 | J42: Lơ Mu Re Joice | AG42: Đi với ph
A43: 38 | B43: =IF(C43=F43,"","?") | C43: 6B | D43: =IF(C43=C42,D42+1,1) -> 9 | E43: 9 | F43: 6B | G43: 2003016104 | H43: 6803388754 | I43: 68313007164 | J43: Lê Võ Thiên Kim | AE43: ĐI LỄ | AG43: Đi với ph
A44: 39 | B44: =IF(C44=F44,"","?") | C44: 6B | D44: =IF(C44=C43,D43+1,1) -> 10 | E44: 10 | F44: 6B | G44: 2007266955 | H44: 6844474194 | I44: 68313009573 | J44: Pang Ting Trần Xuân Lam | AE44: ĐI LỄ | AG44: Đi với ph
A45: 40 | B45: =IF(C45=F45,"","?") | C45: 6B | D45: =IF(C45=C44,D44+1,1) -> 11 | E45: 11 | F45: 6B | G45: 2003011892 | H45: 6801561613 | I45: 68213005760 | J45: Klong Hà Hải Luân | AE45: ĐI LỄ | AG45: Đi với ph
A46: 41 | B46: =IF(C46=F46,"","?") | C46: 6B | D46: =IF(C46=C45,D45+1,1) -> 12 | E46: 12 | F46: 6B | G46: 2003007481 | H46: 6843769404 | I46: 68213004380 | J46: Cil Nguyễn Xuân Lưu | AE46: ĐI LỄ | AG46: Đi với ph
A47: 42 | B47: =IF(C47=F47,"","?") | C47: 6B | D47: =IF(C47=C46,D46+1,1) -> 13 | E47: 13 | F47: 6B | G47: 2006163691 | H47: 6884337189 | I47: 68313004367 | J47: Rơ Ông Lynét | AE47: ĐI LỄ | AG47: Đi với ph
A48: 43 | B48: =IF(C48=F48,"","?") | C48: 6B | D48: =IF(C48=C47,D47+1,1) -> 14 | E48: 14 | F48: 6B | G48: 2003015010 | H48: 6884337190 | I48: 68313008094 | J48: Đạ Kriêng K Ngis | AG48: Đi với ph
A49: 44 | B49: =IF(C49=F49,"","?") | C49: 6B | D49: =IF(C49=C48,D48+1,1) -> 15 | E49: 15 | F49: 6B | G49: 2003008018 | H49: 6841440141 | I49: 68313004914 | J49: Sơ Kết K Nhị | AG49: Đi với ph
A50: 45 | B50: =IF(C50=F50,"","?") | C50: 6B | D50: =IF(C50=C49,D49+1,1) -> 16 | E50: 16 | F50: 6B | G50: 2006153770 | H50: 6884337191 | I50: 68313011757 | J50: Klong K' Như | AE50: ĐI LỄ | AG50: Đi với ph
A51: 46 | B51: =IF(C51=F51,"","?") | C51: 6B | D51: =IF(C51=C50,D50+1,1) -> 17 | E51: 17 | F51: 6B | G51: 2007266676 | H51: 6839575309 | I51: 68213010493 | J51: Cil Nguyên Ninh | AE51: ĐI LỄ | AG51: Đi với ph
A52: 47 | B52: =IF(C52=F52,"","?") | C52: 6B | D52: =IF(C52=C51,D51+1,1) -> 18 | E52: 18 | F52: 6B | G52: 2007300705 | H52: 6855815186 | I52: 68313000996 | J52: Kră Jẵn Long Phụng | AE52: ĐI LỄ | AG52: Đi với ph
A53: 48 | B53: =IF(C53=F53,"","?") | C53: 6B | D53: =IF(C53=C52,D52+1,1) -> 19 | E53: 19 | F53: 6B | G53: 2106883300 | H53: 6884337192 | I53: 68313002481 | J53: Cil Ngọc Quyền | AG53: Đi với ph
A54: 49 | B54: =IF(C54=F54,"","?") | C54: 6B | D54: =IF(C54=C53,D53+1,1) -> 20 | E54: 20 | F54: 6B | G54: 2003011874 | H54: 6820464695 | I54: 68313012695 | J54: Liêng Jrang Spring | AG54: Đi với ph
A55: 50 | B55: =IF(C55=F55,"","?") | C55: 6B | D55: =IF(C55=C54,D54+1,1) -> 21 | E55: 21 | F55: 6B | G55: 2007268096 | H55: 6034378668 | I55: 68213013253 | J55: Rơ Ông Gia Thiện
A56: 51 | B56: =IF(C56=F56,"","?") | C56: 6B | D56: =IF(C56=C55,D55+1,1) -> 22 | E56: 22 | F56: 6B | G56: 2009205032 | H56: 6805218388 | I56: 68213010461 | J56: Bon Yô Nhật Tiến | AE56: Về nhà | AF56: Về nhà | AG56: Về nhà
A57: 52 | B57: =IF(C57=F57,"","?") | C57: 6B | D57: =IF(C57=C56,D56+1,1) -> 23 | E57: 23 | F57: 6B | G57: 2003014918 | H57: 6884337194 | I57: 68313008669 | J57: Dơng Gur Trương Thị Trang | AG57: Đi với ph
A58: 53 | B58: =IF(C58=F58,"","?") | C58: 6B | D58: =IF(C58=C57,D57+1,1) -> 24 | E58: 24 | F58: 6B | G58: 2003007489 | H58: 6802298357 | I58: 68313002639 | J58: Kon Sơ Kim Thanh Tuyền | AG58: Đi với ph
A59: 54 | B59: =IF(C59=F59,"","?") | C59: 6B | D59: =IF(C59=C58,D58+1,1) -> 25 | E59: 25 | F59: 6B | G59: 2003829942 | H59: 6801643524 | I59: 68213006923 | J59: Kơ Să Năng Tường | AE59: ĐI LỄ | AG59: Đi với ph
A60: 55 | B60: =IF(C60=F60,"","?") | C60: 6B | D60: =IF(C60=C59,D59+1,1) -> 26 | E60: 26 | F60: 6B | G60: 2003016162 | H60: 6884337195 | I60: 68313008887 | J60: Rơông Jè Ương | AE60: ĐI LỄ | AG60: Đi với ph
A61: 56 | B61: =IF(C61=F61,"","?") | C61: 6B | D61: =IF(C61=C60,D60+1,1) -> 27 | E61: 27 | F61: 6B | G61: 2007115927 | H61: 6840161242 | I61: 68313003331 | J61: Hà Cẩm Vân | AE61: Về nhà | AF61: Về nhà | AG61: Về nhà
A62: 57 | B62: =IF(C62=F62,"","?") | C62: 6B | D62: =IF(C62=C61,D61+1,1) -> 28 | E62: 28 | F62: 6B | G62: 2007363248 | H62: 6855815166 | I62: 68213009900 | J62: Da Cat Ha Ly Yong | AE62: ĐI LỄ | AG62: Đi với ph
A63: 58 | B63: =IF(C63=F63,"","?") | C63: 6B | D63: =IF(C63=C62,D62+1,1) -> 29 | E63: 29 | F63: 6B | G63: 2009203896 | H63: 6821643927 | I63: 68313013433 | J63: Cil Li Zin | AE63: Về nhà | AF63: Về nhà | AG63: Về nhà
A64: 59 | B64: =IF(C64=F64,"","?") | C64: 7A | D64: =IF(C64=C63,D63+1,1) -> 1 | E64: 1 | F64: 7A | G64: 2305235270 | H64: 6882528536 | I64: 68312004649 | J64: Rơ Ông Trí Anh
A65: 60 | B65: =IF(C65=F65,"","?") | C65: 7A | D65: =IF(C65=C64,D64+1,1) -> 2 | E65: 2 | F65: 7A | G65: 2305214958 | H65: 6880981627 | I65: 68312008438 | J65: Klong Rê Bê Ca | AD65: vn | AE65: vn | AF65: vn | AG65: vn
A66: 61 | B66: =IF(C66=F66,"","?") | C66: 7A | D66: =IF(C66=C65,D65+1,1) -> 3 | E66: 3 | F66: 7A | G66: 2305213396 | H66: 6882528537 | I66: 68212014691 | J66: Kră Jañ Krè Ding | AD66: vn | AE66: vn | AF66: vn | AG66: vn
A67: 62 | B67: =IF(C67=F67,"","?") | C67: 7A | D67: =IF(C67=C66,D66+1,1) -> 4 | E67: 4 | F67: 7A | G67: 2305215936 | H67: 6880981628 | I67: 68312007492 | J67: Da Cát K' Hà | AD67: vn | AE67: vn | AF67: vn | AG67: vn
A68: 63 | B68: =IF(C68=F68,"","?") | C68: 7A | D68: =IF(C68=C67,D67+1,1) -> 5 | E68: 5 | F68: 7A | G68: 2305220417 | H68: 6870987392 | I68: 68312010247 | J68: Lơ Mu Hanna | AD68: vn | AE68: vn | AF68: vn | AG68: vn
A69: 64 | B69: =IF(C69=F69,"","?") | C69: 7A | D69: =IF(C69=C68,D68+1,1) -> 6 | E69: 6 | F69: 7A | G69: 2305235648 | H69: 6880981629 | J69: Bon Niêng K' Hảo
A70: 65 | B70: =IF(C70=F70,"","?") | C70: 7A | D70: =IF(C70=C69,D69+1,1) -> 7 | E70: 7 | F70: 7A | G70: 2305229049 | H70: 6882528538 | I70: 68312001207 | J70: Kơ Să Mỹ Hiền | AD70: vn | AE70: vn | AF70: vn | AG70: vn
A71: 66 | B71: =IF(C71=F71,"","?") | C71: 7A | D71: =IF(C71=C70,D70+1,1) -> 8 | E71: 8 | F71: 7A | G71: 2305235841 | H71: 6880981631 | I71: 68312010088 | J71: Kơ Să Ly Su In
A72: 67 | B72: =IF(C72=F72,"","?") | C72: 7A | D72: =IF(C72=C71,D71+1,1) -> 9 | E72: 9 | F72: 7A | G72: 2305236349 | H72: 6880981632 | I72: 68312008245 | J72: Rơ Ông Siu Ly
A73: 68 | B73: =IF(C73=F73,"","?") | C73: 7A | D73: =IF(C73=C72,D72+1,1) -> 10 | E73: 10 | F73: 7A | G73: 2305240330 | H73: 6880981633 | I73: 68312014695 | J73: Kon Sa Na Ô Mi
A74: 69 | B74: =IF(C74=F74,"","?") | C74: 7A | D74: =IF(C74=C73,D73+1,1) -> 11 | E74: 11 | F74: 7A | G74: 2305230258 | H74: 6880981634 | I74: 68212009059 | J74: Cil Pam Thiết Nghiêm | AD74: vn | AE74: vn | AF74: vn | AG74: vn
A75: 70 | B75: =IF(C75=F75,"","?") | C75: 7A | D75: =IF(C75=C74,D74+1,1) -> 12 | E75: 12 | F75: 7A | G75: 2305218180 | H75: 6880981635 | I75: 68312004022 | J75: Klong Kim Ngọc
A76: 71 | B76: =IF(C76=F76,"","?") | C76: 7A | D76: =IF(C76=C75,D75+1,1) -> 13 | E76: 13 | F76: 7A | G76: 2305240119 | H76: 6880981637 | I76: 68312005102 | J76: Pang Ting Nguyễn Bảo Ngọc | AD76: vn | AE76: vn | AF76: vn | AG76: vn
A77: 72 | B77: =IF(C77=F77,"","?") | C77: 7A | D77: =IF(C77=C76,D76+1,1) -> 14 | E77: 14 | F77: 7A | G77: 2305219012 | H77: 6881032826 | I77: 68212003199 | J77: Da Căt Huy Nhật | AD77: vn | AE77: vn | AF77: vn | AG77: vn
A78: 73 | B78: =IF(C78=F78,"","?") | C78: 7A | D78: =IF(C78=C77,D77+1,1) -> 15 | E78: 15 | F78: 7A | G78: 2305231757 | H78: 6820650683 | I78: 68312009326 | J78: Lơ Mu Siu Niệm
A79: 74 | B79: =IF(C79=F79,"","?") | C79: 7A | D79: =IF(C79=C78,D78+1,1) -> 16 | E79: 16 | F79: 7A | G79: 2305212358 | H79: 6881032827 | I79: 68312003415 | J79: Păng Ting K' Builly Pốt
A80: 75 | B80: =IF(C80=F80,"","?") | C80: 7A | D80: =IF(C80=C79,D79+1,1) -> 17 | E80: 17 | F80: 7A | G80: 2305210128 | H80: 6821779141 | I80: 68312010567 | J80: Kră Jăn Ju Rin | AD80: vn | AE80: vn | AF80: vn | AG80: vn
A81: 76 | B81: =IF(C81=F81,"","?") | C81: 7A | D81: =IF(C81=C80,D80+1,1) -> 18 | E81: 18 | F81: 7A | G81: 2305216846 | H81: 6880981638 | I81: 68212010095 | J81: Kơ Să K' Thao | AD81: vn | AE81: vn | AF81: vn | AG81: vn
A82: 77 | B82: =IF(C82=F82,"","?") | C82: 7A | D82: =IF(C82=C81,D81+1,1) -> 19 | E82: 19 | F82: 7A | G82: 2305221266 | H82: 6882528539 | I82: 63812007871 | J82: Kon Sa Nguyễn Thị Thảo | AD82: vn | AE82: vn | AF82: vn | AG82: vn
A83: 78 | B83: =IF(C83=F83,"","?") | C83: 7A | D83: =IF(C83=C82,D82+1,1) -> 20 | E83: 20 | F83: 7A | G83: 2305235774 | H83: 6880981640 | I83: 68312003462 | J83: Cơ Liêng K' Thơ
A84: 79 | B84: =IF(C84=F84,"","?") | C84: 7A | D84: =IF(C84=C83,D83+1,1) -> 21 | E84: 21 | F84: 7A | G84: 2305234238 | H84: 6880981641 | I84: 68312015575 | J84: Kon Sơ Bích Trầm
A85: 80 | B85: =IF(C85=F85,"","?") | C85: 7A | D85: =IF(C85=C84,D84+1,1) -> 22 | E85: 22 | F85: 7A | G85: 2305221946 | H85: 6880981643 | I85: 68312012943 | J85: Lơ Mu Minh Vy
A86: 81 | B86: =IF(C86=F86,"","?") | C86: 7A | D86: =IF(C86=C85,D85+1,1) -> 23 | E86: 23 | F86: 7A | G86: 2305235026 | H86: 6820907597 | I86: 68312008139 | J86: Kơ Să Bảo Yến
A87: 82 | B87: =IF(C87=F87,"","?") | C87: 7B | D87: =IF(C87=C86,D86+1,1) -> 1 | E87: 1 | F87: 7B | G87: 2305278481 | H87: 6840985376 | I87: 68312006864 | J87: Đào Thị Huyền Diệu | AG87: đi với p.h
A88: 83 | B88: =IF(C88=F88,"","?") | C88: 7B | D88: =IF(C88=C87,D87+1,1) -> 2 | E88: 2 | F88: 7B | G88: 2305276829 | H88: 6800705675 | I88: 68312010959 | J88: Bon Niêng Hà Tâm Đan | AG88: đi với p.h
A89: 84 | B89: =IF(C89=F89,"","?") | C89: 7B | D89: =IF(C89=C88,D88+1,1) -> 3 | E89: 3 | F89: 7B | G89: 2305246421 | H89: 6881036410 | I89: 68212002982 | J89: Rơ Ông Jor Đan | AG89: đi với p.h
A90: 85 | B90: =IF(C90=F90,"","?") | C90: 7B | D90: =IF(C90=C89,D89+1,1) -> 4 | E90: 4 | F90: 7B | G90: 2305276521 | H90: 6881036411 | I90: 68212002319 | J90: Lơ Mu Ích Ma En | AG90: đi với p.h
A91: 86 | B91: =IF(C91=F91,"","?") | C91: 7B | D91: =IF(C91=C90,D90+1,1) -> 5 | E91: 5 | F91: 7B | G91: 2305276612 | H91: 6881036412 | I91: 68212003009 | J91: Rơ Ông Ri Gân | AE91: đi với p.h | AG91: đi với p.h
A92: 87 | B92: =IF(C92=F92,"","?") | C92: 7B | D92: =IF(C92=C91,D91+1,1) -> 6 | E92: 6 | F92: 7B | G92: 2305277537 | H92: 6881036413 | I92: 68312010364 | J92: Cil Gluyên | AE92: VN | AF92: VN | AG92: VN
A93: 88 | B93: =IF(C93=F93,"","?") | C93: 7B | D93: =IF(C93=C92,D92+1,1) -> 7 | E93: 7 | F93: 7B | G93: 2305264699 | H93: 6821289139 | I93: 68312002693 | J93: Cil Juliya | AE93: VN | AF93: VN | AG93: VN
A94: 89 | B94: =IF(C94=F94,"","?") | C94: 7B | D94: =IF(C94=C93,D93+1,1) -> 8 | E94: 8 | F94: 7B | G94: 2305275580 | H94: 6881036414 | I94: 68312005906 | J94: Cil Phi Criêu Ren - Ka | AE94: VN | AF94: VN | AG94: VN
A95: 90 | B95: =IF(C95=F95,"","?") | C95: 7B | D95: =IF(C95=C94,D94+1,1) -> 9 | E95: 9 | F95: 7B | G95: 2305266545 | H95: 6881036415 | I95: 68312006047 | J95: Kơ Să K' Kiều | AG95: đi với p.h
A96: 91 | B96: =IF(C96=F96,"","?") | C96: 7B | D96: =IF(C96=C95,D95+1,1) -> 10 | E96: 10 | F96: 7B | G96: 2305274166 | H96: 6802248562 | I96: 68312013876 | J96: Kơ Să Rô Les | AE96: VN | AF96: VN | AG96: VN
A97: 92 | B97: =IF(C97=F97,"","?") | C97: 7B | D97: =IF(C97=C96,D96+1,1) -> 11 | E97: 11 | F97: 7B | G97: 2305272631 | H97: 6881036416 | I97: 68312004266 | J97: Lơ Mu Khánh Linh | AG97: đi với p.h
A98: 93 | B98: =IF(C98=F98,"","?") | C98: 7B | D98: =IF(C98=C97,D97+1,1) -> 12 | E98: 12 | F98: 7B | G98: 2305268909 | H98: 6881036417 | I98: 68312009755 | J98: Lơ Mu Trương K' Mai | AE98: đi với p.h | AG98: đi với p.h
A99: 94 | B99: =IF(C99=F99,"","?") | C99: 7B | D99: =IF(C99=C98,D98+1,1) -> 13 | E99: 13 | F99: 7B | G99: 2305265659 | H99: 6881036418 | I99: 68212009370 | J99: Lơ Mu Ja Mas | AG99: đi với p.h
A100: 95 | B100: =IF(C100=F100,"","?") | C100: 7B | D100: =IF(C100=C99,D99+1,1) -> 14 | E100: 14 | F100: 7B | G100: 2305276161 | H100: 6881036419 | I100: 68312014110 | J100: Đơng Gur Diễm My | AG100: đi với p.h
...

Sheet BHYT old
A1: Stt | B1: Lớp | F1: Họ và tên | G1: Ngày tháng năm sinh | H1: Giới tính | I1: Số căn cước (hoặc mã định danh) | J1: Mã đối tượng (vd: HS, DT, HN,…) | K1: Mã số BHYT (10 số) | L1: Nơi đăng ký khám chữa bệnh ban đầu | M1: Hạn thẻ | N1: Địa chỉ nơi cư trú (địa chỉ cũ)
A2: 1 | B2: 6A | C2: 2005929926 | D2: Bon Niêng K' A Ngọc | E2: Bé | F2: Bon Niêng K' A Ngọc Bé | G2: 41880 | H2: Nữ | I2: 68314012551
A3: 2 | B3: 6A | C3: 2005987563 | D3: Phi Srônh Khánh | E3: Di | F3: Phi Srônh Khánh Di | G3: 41921 | H3: Nữ | I3: 68314011299
A4: 3 | B4: 6A | C4: 2007861016 | D4: Lơ Mu Phong | E4: Đạt | F4: Lơ Mu Phong Đạt | G4: 41640 | H4: Nam | I4: 68214012739
A5: 4 | B5: 6A | C5: 2007275982 | D5: Đa Goút Ngọc | E5: Hân | F5: Đa Goút Ngọc Hân | G5: 41964 | H5: Nữ | I5: 68314008738
A6: 5 | B6: 6A | C6: 2005932767 | D6: Khổng Hữu Nhật | E6: Hưng | F6: Khổng Hữu Nhật Hưng | G6: 41827 | H6: Nam | I6: 68214008449
A7: 6 | B7: 6A | C7: 2005987564 | D7: Kră Jăn | E7: Inly | F7: Kră Jăn Inly | G7: 41771 | H7: Nữ | I7: 68314005263
A8: 7 | B8: 6A | C8: 2007861253 | D8: Kon Sơ Jack | E8: Ky | F8: Kon Sơ Jack Ky | G8: 41667 | H8: Nam | I8: 68214006126
A9: 8 | B9: 6A | C9: 2007282084 | D9: Kơ Să Lê Bê | E9: La | F9: Kơ Să Lê Bê La | G9: 41822 | H9: Nữ | I9: 68314004312
A10: 9 | B10: 6A | C10: 2007771303 | D10: Kon Sa Mỹ | E10: Lệ | F10: Kon Sa Mỹ Lệ | G10: 41786 | H10: Nữ | I10: 68314011169
A11: 10 | B11: 6A | C11: 2005987566 | D11: Rơ Ông K' | E11: Lộc | F11: Rơ Ông K' Lộc | G11: 41918 | H11: Nam | I11: 68214008536
A12: 11 | B12: 6A | C12: 2005929465 | D12: Rơ Ông Kim | E12: Luôn | F12: Rơ Ông Kim Luôn | G12: 41672 | H12: Nữ | I12: 68314011089
A13: 12 | B13: 6A | C13: 2005929092 | D13: Rơ Ông K' | E13: Mã | F13: Rơ Ông K' Mã | G13: 41951 | H13: Nữ | I13: 68314008959
... A121: 120 | B121: 8A | C121: 2305220417 | D121: Lơ Mu | E121: Hanna | F121: Lơ Mu Hanna | G121: 40988 | H121: Nữ | I121: 68312010247
A122: 121 | B122: 8A | C122: 2305235648 | D122: Bon Niêng K' | E122: Hảo | F122: Bon Niêng K' Hảo | G122: 40919 | H122: Nữ
A123: 122 | B123: 8A | C123: 2305229049 | D123: Kơ Să Mỹ | E123: Hiền | F123: Kơ Să Mỹ Hiền | G123: 41207 | H123: Nữ | I123: 68312001207
A124: 123 | B124: 8A | C124: 2305235841 | D124: Kơ Să Ly Su | E124: In | F124: Kơ Să Ly Su In | G124: 41190 | H124: Nữ | I124: 68312010088
A125: 124 | B125: 8A | C125: 2305236349 | D125: Rơ ông Siu | E125: Ly | F125: Rơ ông Siu Ly | G125: 41192 | H125: Nữ | I125: 68312008245
A126: 125 | B126: 8A | C126: 2305240330 | D126: Kon Sa Na Ô | E126: Mi | F126: Kon Sa Na Ô Mi | G126: 41239 | H126: Nữ | I126: 68312014695
A127: 126 | B127: 8A | C127: 2305230258 | D127: Cil Pam Thiết | E127: Nghiêm | F127: Cil Pam Thiết Nghiêm | G127: 41258 | H127: Nam | I127: 68212009059
A128: 127 | B128: 8A | C128: 2305218180 | D128: Klong Kim | E128: Ngọc | F128: Klong Kim Ngọc | G128: 40935 | H128: Nữ | I128: 68312004022
A129: 128 | B129: 8A | C129: 2305240119 | D129: Pang Ting Nguyễn Bảo | E129: Ngọc | F129: Pang Ting Nguyễn Bảo Ngọc | G129: 40944 | H129: Nữ | I129: 68312005102
A130: 129 | B130: 8A | C130: 2305219012 | D130: Da Căt Huy | E130: Nhật | F130: Da Căt Huy Nhật | G130: 41234 | H130: Nam | I130: 68212003199
A131: 130 | B131: 8A | C131: 2305231757 | D131: Lơ Mu Siu | E131: Niệm | F131: Lơ Mu Siu Niệm | G131: 41139 | H131: Nữ | I131: 68312009326
A132: 131 | B132: 8A | C132: 2305212358 | D132: Păng Ting K' Builly | E132: Pốt | F132: Păng Ting K' Builly Pốt | G132: 40976 | H132: Nữ | I132: 68312003415
A133: 132 | B133: 8A | C133: 2305210128 | D133: Kră Jăn Ju | E133: Rin | F133: Kră Jăn Ju Rin | G133: 41059 | H133: Nữ | I133: 68312010567
A134: 133 | B134: 8A | C134: 2305216846 | D134: Kơ Să K' | E134: Thao | F134: Kơ Să K' Thao | G134: 41214 | H134: Nam | I134: 68212010095
... A652: 651 | B652: 12C3 | C652: 2001128249 | D652: Ka | E652: Vy | F652: Ka Vy | G652: 39661 | H652: Nữ | I652: 68308000060

Sheet 2526_Ds toan truong
A1: Stt | H1: Họ và tên | I1: Ngày tháng năm sinh | J1: Giới tính | K1: Số căn cước (hoặc mã định danh) | M1: Mã đối tượng (vd: HS, DT, HN,…) | N1: Mã số BHYT (10 số) | O1: Nơi đăng ký khám chữa bệnh ban đầu | P1: Hạn thẻ | Q1: Địa chỉ nơi cư trú (địa chỉ cũ)
A4: STT | B4: Lớp học | C4: Mã học sinh | D4: Mã MOET | E4: Sổ đăng bộ | F4: Họ và | G4: tên | I4: Ngày sinh | J4: Giới tính | K4: Căn cước | L4: Chỗ ở hiện nay | P4: Hộ khẩu thường trú | T4: Nơi sinh | W4: Quê quán | Z4: Căn cước | AA4: Ngày cấp Căn cước | AB4: Nơi cấp Căn cước | AC4: Dân tộc | AD4: Tôn giáo | AE4: Diện chính sách | AF4: Cận nghèo | AG4: Đoàn viên | AH4: Đội viên | AI4: Tên cha | AJ4: Nghề nghiệp cha | AK4: Năm sinh cha | AL4: Tên mẹ | AM4: Nghề nghiệp mẹ | AN4: Năm sinh mẹ | AO4: Điện thoại SLL | AP4: Email SLL | AQ4: Điện thoại bố | AR4: Điện thoại mẹ | AS4: Ghi chú
L5: SN/Xóm | M5: Khu dân cư | N5: Xã/Phường | O5: Tỉnh/Tp | P5: SN/Xóm | Q5: Khu dân cư | R5: Xã/Phường | S5: Tỉnh/Tp | T5: Thông tin nơi sinh | U5: Xã/Phường | V5: Tỉnh/Tp | W5: Thông tin quê quán | X5: Xã/Phường | Y5: Tỉnh/Tp
A6: 1 | B6: 6A | C6: 2005929926 | E6: 1 | F6: Bon Niêng K' A Ngọc | G6: Bé | H6: Bon Niêng K' A Ngọc Bé | I6: 41880 | J6: Nữ | K6: 68314012551 | L6: Thôn 1 | M6: Thôn K'Nớ 1 | N6: Xã Đam Rông 4 | O6: Lâm Đồng | Q6: Thôn K'Nớ 1 | U6: Xã Đam Rông 4 | V6: Lâm Đồng | Z6: 68314012551 | AC6: Cơ-ho | AD6: Không | AF6: 0 | AG6: 0 | AH6: 0 | AO6: 966422725
A7: 2 | B7: 6A | C7: 2005987563 | E7: 2 | F7: Phi Srônh Khánh | G7: Di | H7: Phi Srônh Khánh Di | I7: 41921 | J7: Nữ | K7: 68314011299 | L7: Thôn Păng Tiêng | N7: Phường Lang Biang - Đà Lạt | O7: Lâm Đồng | Z7: 68314011299 | AC7: Cơ-ho | AD7: Không | AF7: 0 | AG7: 0 | AH7: 0 | AO7: 334023997
A8: 3 | B8: 6A | C8: 2007861016 | E8: 3 | F8: Lơ Mu Phong | G8: Đạt | H8: Lơ Mu Phong Đạt | I8: 41640 | J8: Nam | K8: 68214012739 | L8: Liêng Bông | N8: Xã Lạc Dương | O8: Lâm Đồng | Z8: 68214012739 | AC8: Cơ-ho | AD8: Không | AF8: 0 | AG8: 0 | AH8: 0
A9: 4 | B9: 6A | C9: 2007275982 | E9: 4 | F9: Đa Goút Ngọc | G9: Hân | H9: Đa Goút Ngọc Hân | I9: 41964 | J9: Nữ | K9: 68314008738 | L9: Tổ 17, Thôn 3 | M9: Thôn 3 | N9: Phường Cam Ly - Đà Lạt | O9: Lâm Đồng | Q9: Thôn 3 | V9: Lâm Đồng | Z9: 68314008738 | AC9: Cơ-ho | AD9: Không | AF9: 0 | AG9: 0 | AH9: 0 | AO9: 348605043
A10: 5 | B10: 6A | C10: 2005932767 | E10: 5 | F10: Khổng Hữu Nhật | G10: Hưng | H10: Khổng Hữu Nhật Hưng | I10: 41827 | J10: Nam | K10: 68214008449 | L10: Thôn 2 | M10: Thôn K'Nớ 2 | N10: Xã Đam Rông 4 | O10: Lâm Đồng | Q10: Thôn K'Nớ 2 | U10: Xã Đam Rông 4 | V10: Lâm Đồng | Z10: 68214008449 | AC10: Hoa | AD10: Không | AF10: 0 | AG10: 0 | AH10: 0 | AO10: 966440636
A11: 6 | B11: 6A | C11: 2005987564 | E11: 6 | F11: Kră Jăn | G11: Inly | H11: Kră Jăn Inly | I11: 41771 | J11: Nữ | K11: 68314005263 | L11: Thôn Păng Tiêng | N11: Phường Lang Biang - Đà Lạt | O11: Lâm Đồng | Z11: 68314005263 | AC11: Cơ-ho | AD11: Không | AF11: 0 | AG11: 0 | AH11: 0 | AO11: 966091442
A12: 7 | B12: 6A | C12: 2007861253 | E12: 7 | F12: Kon Sơ Jack | G12: Ky | H12: Kon Sơ Jack Ky | I12: 41667 | J12: Nam | K12: 68214006126 | L12: Đa Hoa | N12: Xã Lạc Dương | O12: Lâm Đồng | Z12: 68214006126 | AC12: Cơ-ho | AD12: Không | AF12: 0 | AG12: 0 | AH12: 0
A13: 8 | B13: 6A | C13: 2007282084 | E13: 8 | F13: Kơ Să Lê Bê | G13: La | H13: Kơ Să Lê Bê La | I13: 41822 | J13: Nữ | K13: 68314004312 | L13: Thôn 1 | N13: Xã Lạc Dương | O13: Lâm Đồng | Z13: 68314004312 | AC13: Cil | AD13: Không | AF13: 0 | AG13: 0 | AH13: 0 | AO13: 888740887
A14: 9 | B14: 6A | C14: 2007771303 | E14: 9 | F14: Kon Sa Mỹ | G14: Lệ | H14: Kon Sa Mỹ Lệ | I14: 41786 | J14: Nữ | K14: 68314011169 | L14: Đa Blah | N14: Xã Lạc Dương | O14: Lâm Đồng | Z14: 68314011169 | AC14: Cơ-ho | AD14: Không | AF14: 0 | AG14: 0 | AH14: 0 | AO14: 388011924
A15: 10 | B15: 6A | C15: 2005987566 | E15: 10 | F15: Rơ Ông K' | G15: Lộc | H15: Rơ Ông K' Lộc | I15: 41918 | J15: Nam | K15: 68214008536 | L15: Thôn Păng Tiêng | N15: Phường Lang Biang - Đà Lạt | O15: Lâm Đồng | Z15: 68214008536 | AC15: Cơ-ho | AD15: Không | AF15: 0 | AG15: 0 | AH15: 0 | AO15: 961856042
A16: 11 | B16: 6A | C16: 2005929465 | E16: 11 | F16: Rơ Ông Kim | G16: Luôn | H16: Rơ Ông Kim Luôn | I16: 41672 | J16: Nữ | K16: 68314011089 | L16: Thôn 1 | M16: Thôn K'Nớ 1 | N16: Xã Đam Rông 4 | O16: Lâm Đồng | Q16: Thôn K'Nớ 1 | U16: Xã Đam Rông 4 | V16: Lâm Đồng | Z16: 68314011089 | AC16: Cơ-ho | AD16: Không | AF16: 0 | AG16: 0 | AH16: 0 | AO16: 374569021
A17: 12 | B17: 6A | C17: 2005929092 | E17: 12 | F17: Rơ Ông K' | G17: Mã | H17: Rơ Ông K' Mã | I17: 41951 | J17: Nữ | K17: 68314008959 | L17: Thôn 1 | M17: Thôn K'Nớ 1 | N17: Xã Đam Rông 4 | O17: Lâm Đồng | Q17: Thôn K'Nớ 1 | Z17: 68314008959 | AC17: Cơ-ho | AD17: Không | AF17: 0 | AG17: 0 | AH17: 0 | AO17: 968926721
A18: 13 | B18: 6A | C18: 2007281821 | E18: 13 | F18: Bon Dơng Ja | G18: Min | H18: Bon Dơng Ja Min | I18: 41950 | J18: Nam | K18: 68214007220 | L18: Thôn 5 | N18: Xã Lạc Dương | O18: Lâm Đồng | Z18: 68214007220 | AC18: Cil | AD18: Không | AF18: 0 | AG18: 0 | AH18: 0 | AO18: 328463923
A19: 14 | B19: 6A | C19: 2007771938 | E19: 14 | F19: Kon Sơ Han | G19: Na | H19: Kon Sơ Han Na | I19: 41740 | J19: Nữ | K19: 68214001702 | L19: Liêng Bông | N19: Xã Lạc Dương | O19: Lâm Đồng | Z19: 68214001702 | AC19: Cơ-ho | AD19: Không | AF19: 0 | AG19: 0 | AH19: 0 | AO19: 363778641
A20: 15 | B20: 6A | C20: 2007269049 | E20: 15 | F20: Kră Jăn Glê | G20: Na | H20: Kră Jăn Glê Na | I20: 41642 | J20: Nữ | K20: 68314005469 | L20: Thị trấn Lạc Dương | M20: Tổ dân phố Đang Kia | N20: Phường Lang Biang - Đà Lạt | O20: Lâm Đồng | Q20: Tổ dân phố Đang Kia | Z20: 68314005469 | AC20: Cơ-ho | AD20: Không | AF20: 0 | AG20: 0 | AH20: 0 | AO20: 965615930
A21: 16 | B21: 6A | C21: 2005985963 | E21: 16 | F21: Kơ Să Phương | G21: Nghi | H21: Kơ Să Phương Nghi | I21: 41846 | J21: Nữ | K21: 68314004478 | L21: Thôn Đạ Nghịt | N21: Phường Lang Biang - Đà Lạt | O21: Lâm Đồng | Z21: 68314004478 | AC21: Cil | AD21: Không | AF21: 0 | AG21: 0 | AH21: 0 | AO21: 388224194
A22: 17 | B22: 6A | C22: 2007281822 | E22: 17 | F22: Kră Jãn Như | G22: Nghiệp | H22: Kră Jãn Như Nghiệp | I22: 41921 | J22: Nữ | K22: 68314004554 | L22: Thôn 3 | N22: Xã Lạc Dương | O22: Lâm Đồng | U22: Xã Lạc Dương | V22: Lâm Đồng | Z22: 68314004554 | AC22: Cil | AD22: Không | AF22: 0 | AG22: 0 | AH22: 0 | AO22: 383024906
A23: 18 | B23: 6A | C23: 2007289895 | E23: 18 | F23: Kơ Să An | G23: Nhiên | H23: Kơ Să An Nhiên | I23: 41640 | J23: Nữ | K23: 68314005823 | L23: Thôn Tu Poh | N23: Xã Lạc Dương | O23: Lâm Đồng | Z23: 68314005823 | AC23: Cil | AD23: Không | AF23: 0 | AG23: 0 | AH23: 0
A24: 19 | B24: 6A | C24: 2006022256 | E24: 19 | F24: Long Dưng A La | G24: Pha | H24: Long Dưng A La Pha | I24: 41850 | J24: Nữ | K24: 68314008751 | L24: Thôn Lán Tranh | M24: Thôn Lán Tranh | N24: Xã Đam Rông 4 | O24: Lâm Đồng | Q24: Thôn Lán Tranh | U24: Xã Đam Rông 4 | V24: Lâm Đồng | Z24: 68314008751 | AC24: Cơ-ho | AD24: Không | AF24: 0 | AG24: 0 | AH24: 0 | AO24: 369493081
A25: 20 | B25: 6A | C25: 2005930865 | E25: 20 | F25: Hoàng Ninh Hải | G25: Quân | H25: Hoàng Ninh Hải Quân | I25: 41697 | J25: Nam | K25: 68214006117 | L25: Thôn 2 | M25: Thôn K'Nớ 2 | N25: Xã Đam Rông 4 | O25: Lâm Đồng | Q25: Thôn K'Nớ 2 | U25: Xã Đam Rông 4 | V25: Lâm Đồng | Z25: 68214006117 | AD25: Không | AF25: 0 | AG25: 0 | AH25: 0 | AO25: 395795081
A26: 21 | B26: 6A | C26: 2007779557 | E26: 21 | F26: A Dắt Sa | G26: Ring | H26: A Dắt Sa Ring | I26: 41960 | J26: Nữ | K26: 68314010442 | L26: Thôn Đa Hoa | N26: Xã Lạc Dương | O26: Lâm Đồng | Z26: 68314010442 | AC26: Cơ-ho | AD26: Không | AF26: 0 | AG26: 0 | AH26: 0
A27: 22 | B27: 6A | C27: 2007361108 | E27: 22 | F27: Kon Sa Trần Minh | G27: Tâm | H27: Kon Sa Trần Minh Tâm | I27: 41960 | J27: Nữ | K27: 68314008947 | L27: Thôn Long Lanh | N27: Xã Lạc Dương | O27: Lâm Đồng | Z27: 68314008947 | AC27: Cơ-ho | AD27: Không | AF27: 0 | AG27: 0 | AH27: 0
A28: 23 | B28: 6A | C28: 2007290526 | E28: 23 | F28: Kră Jăn Bảo | G28: Thi | H28: Kră Jăn Bảo Thi | I28: 41736 | J28: Nữ | K28: 68314006827 | L28: Thôn 1 | N28: Xã Lạc Dương | O28: Lâm Đồng | Z28: 68314006827 | AC28: Cil | AD28: Không | AF28: 0 | AG28: 0 | AH28: 0 | AO28: 329175949
A29: 24 | B29: 6A | C29: 2006770213 | E29: 24 | F29: Bon Dưng Gia | G29: Thiện | H29: Bon Dưng Gia Thiện | I29: 41989 | J29: Nam | K29: 68214000834 | L29: Tổ 18, Thôn 6 | M29: Thôn 6 | N29: Phường Cam Ly - Đà Lạt | O29: Lâm Đồng | Q29: Thôn 6 | V29: Lâm Đồng | Z29: 68214000834 | AC29: Cil | AD29: Không | AF29: 0 | AG29: 0 | AH29: 0 | AO29: 392365434
A30: 25 | B30: 6A | C30: 2007774899 | E30: 25 | F30: Sohao Phương | G30: Thùy | H30: Sohao Phương Thùy | I30: 41937 | J30: Nữ | K30: 58314005412 | L30: Đa Blah | N30: Xã Lạc Dương | O30: Lâm Đồng | Z30: 58314005412 | AC30: Cơ-ho | AD30: Không | AF30: 0 | AG30: 0 | AH30: 0 | AO30: 347061008
A31: 26 | B31: 6A | C31: 2007281828 | E31: 26 | F31: Liêng Jrang Ru | G31: Tơ | H31: Liêng Jrang Ru Tơ | I31: 41710 | J31: Nữ | K31: 68314011540 | L31: Thôn 4 | N31: Xã Lạc Dương | O31: Lâm Đồng | U31: Xã Lạc Dương | V31: Lâm Đồng | Z31: 68314011540 | AC31: Cil | AD31: Không | AF31: 0 | AG31: 0 | AH31: 0 | AO31: 392312023
A32: 27 | B32: 6A | C32: 2007398127 | E32: 27 | F32: Bùi Thị Huyền | G32: Trâm | H32: Bùi Thị Huyền Trâm | I32: 41652 | J32: Nữ | K32: 68314012856 | L32: Thôn Đưng K'Si | N32: Xã Lạc Dương | O32: Lâm Đồng | Z32: 68314012856 | AC32: Mường | AD32: Không | AF32: 0 | AG32: 0 | AH32: 0
A33: 28 | B33: 6A | C33: 2007290534 | E33: 28 | F33: Liêng Jrang Lệ | G33: Trinh | H33: Liêng Jrang Lệ Trinh | I33: 41809 | J33: Nữ | K33: 68314005705 | L33: Thôn 2 | N33: Xã Lạc Dương | O33: Lâm Đồng | Z33: 68314005705 | AC33: Cil | AD33: Không | AF33: 0 | AG33: 0 | AH33: 0 | AO33: 335906979
A34: 29 | B34: 6B | C34: 2005925205 | E34: 1 | F34: Trương Văn | G34: An | H34: Trương Văn An | I34: 41811 | J34: Nam | K34: 68214001956 | L34: Thôn 2 | M34: Thôn K'Nớ 2 | N34: Xã Đam Rông 4 | O34: Lâm Đồng | Q34: Thôn K'Nớ 2 | U34: Xã Đam Rông 4 | V34: Lâm Đồng | Z34: 68214001956 | AC34: Mường | AD34: Không | AF34: 0 | AG34: 0 | AH34: 0 | AO34: 968926721
A35: 30 | B35: 6B | C35: 2007291610 | E35: 2 | F35: Kră Jăn Ngọc | G35: Ánh | H35: Kră Jăn Ngọc Ánh | I35: 41945 | J35: Nữ | K35: 68314009847 | L35: Thôn 2 | N35: Xã Lạc Dương | O35: Lâm Đồng | Z35: 68314009847 | AC35: Cil | AD35: Không | AF35: 0 | AG35: 0 | AH35: 0 | AO35: 395629255
A36: 31 | B36: 6B | C36: 2005985972 | E36: 3 | F36: Liêng Hót | G36: Dêbôra | H36: Liêng Hót Dêbôra | I36: 41722 | J36: Nữ | K36: 68314002568 | L36: Thôn Đạ Nghịt 1 | N36: Phường Lang Biang - Đà Lạt | O36: Lâm Đồng | Z36: 68314002568 | AC36: Cil | AD36: Không | AF36: 0 | AG36: 0 | AH36: 0
A37: 32 | B37: 6B | C37: 2005927229 | E37: 4 | F37: Bon Niêng K' | G37: Gưm | H37: Bon Niêng K' Gưm | I37: 41912 | J37: Nữ | K37: 68314007649 | L37: Thôn 2 | M37: Thôn K'Nớ 2 | N37: Xã Đam Rông 4 | O37: Lâm Đồng | Q37: Thôn K'Nớ 2 | U37: Xã Đam Rông 4 | V37: Lâm Đồng | Z37: 68314007649 | AC37: Cơ-ho | AD37: Không | AF37: 0 | AG37: 0 | AH37: 0 | AO37: 948376973
A38: 33 | B38: 6B | C38: 2006153308 | E38: 5 | F38: Đà Cắt K' Na | G38: Hi | H38: Đà Cắt K' Na Hi | I38: 41763 | J38: Nữ | K38: 68314003096 | L38: Păng Tiêng 1 | N38: Phường Lang Biang - Đà Lạt | O38: Lâm Đồng | Z38: 68314003096 | AC38: Cơ-ho | AD38: Không | AF38: 0 | AG38: 0 | AH38: 0
A39: 34 | B39: 6B | C39: 2006027380 | E39: 6 | F39: Chu Nhật | G39: Huy | H39: Chu Nhật Huy | I39: 41978 | J39: Nam | K39: 68214005815 | L39: Thôn Lán Tranh | M39: Thôn Lán Tranh | N39: Xã Đam Rông 4 | O39: Lâm Đồng | Q39: Thôn Lán Tranh | U39: Xã Đam Rông 4 | V39: Lâm Đồng | Z39: 68214005815 | AC39: Tày | AD39: Không | AF39: 0 | AG39: 0 | AH39: 0 | AO39: 369493081
A40: 35 | B40: 6B | C40: 2009200496 | E40: 7 | F40: Lơ Mu | G40: Julia | H40: Lơ Mu Julia | I40: 41894 | J40: Nữ | K40: 68314001865 | L40: TDP Đăng Gia Det B | M40: Tổ dân phố Đăng Gia Dềt B | N40: Phường Lang Biang - Đà Lạt | O40: Lâm Đồng | Q40: Tổ dân phố Đăng Gia Dềt B | U40: Phường Cam Ly - Đà Lạt | V40: Lâm Đồng | Z40: 68314001865 | AC40: Cơ-ho | AD40: Không | AF40: 0 | AG40: 0 | AH40: 0 | AO40: 362157578
A41: 36 | B41: 6B | C41: 2005930679 | E41: 8 | F41: Cil Múp Ja | G41: Kốp | H41: Cil Múp Ja Kốp | I41: 41948 | J41: Nam | K41: 68214003691 | L41: Thôn 1 | M41: Thôn K'Nớ 1 | N41: Xã Đam Rông 4 | O41: Lâm Đồng | Q41: Thôn K'Nớ 1 | U41: Xã Đam Rông 4 | V41: Lâm Đồng | Z41: 68214003691 | AC41: Cơ-ho | AD41: Không | AF41: 0 | AG41: 0 | AH41: 0 | AO41: 344348515
A42: 37 | B42: 6B | C42: 2007291628 | E42: 9 | F42: Lơ Mu Shay | G42: La | H42: Lơ Mu Shay La | I42: 41920 | J42: Nữ | K42: 68314005592 | L42: Thôn 3 | N42: Xã Lạc Dương | O42: Lâm Đồng | Z42: 68314005592 | AC42: Cil | AD42: Không | AF42: 0 | AG42: 0 | AH42: 0 | AO42: 352972051
A43: 38 | B43: 6B | C43: 2007780281 | E43: 10 | F43: Sơ Ao Ha Su | G43: Len | H43: Sơ Ao Ha Su Len | I43: 41836 | J43: Nam | K43: 68214008425 | L43: ThônĐa Tro | N43: Xã Lạc Dương | O43: Lâm Đồng | Z43: 68214008425 | AC43: Cơ-ho | AD43: Không | AF43: 0 | AG43: 0 | AH43: 0
A44: 39 | B44: 6B | C44: 2007269044 | E44: 11 | F44: Cil Múp | G44: Linđa | H44: Cil Múp Linđa | I44: 41996 | J44: Nữ | K44: 68314008605 | L44: Thị trấn Lạc Dương | M44: Tổ dân phố Đang Kia | N44: Phường Lang Biang - Đà Lạt | O44: Lâm Đồng | Q44: Tổ dân phố Đang Kia | Z44: 68314008605 | AC44: Cơ-ho | AD44: Không | AF44: 0 | AG44: 0 | AH44: 0 | AO44: 983770670
A45: 40 | B45: 6B | C45: 2007260129 | E45: 12 | F45: Rơ Ông K | G45: Lu-y | H45: Rơ Ông K Lu-y | I45: 40913 | J45: Nam | K45: 68212016299 | L45: Tô 17, Thôn 3 | M45: Thôn 3 | N45: Phường Cam Ly - Đà Lạt | O45: Lâm Đồng | Q45: Thôn 3 | V45: Lâm Đồng | Z45: 68212016299 | AC45: Cơ-ho | AD45: Không | AF45: 0 | AG45: 0 | AH45: 0 | AO45: 385341044
A46: 41 | B46: 6B | C46: 2007269046 | E46: 13 | F46: Cil Múp Kê | G46: Ly | H46: Cil Múp Kê Ly | I46: 41958 | J46: Nữ | K46: 68314012430 | L46: Thị trấn Lạc Dương | M46: Tổ dân phố Đang Kia | N46: Phường Lang Biang - Đà Lạt | O46: Lâm Đồng | Q46: Tổ dân phố Đang Kia | Z46: 68314012430 | AC46: Cơ-ho | AD46: Không | AF46: 0 | AG46: 0 | AH46: 0 | AO46: 915117819
A47: 42 | B47: 6B | C47: 2007104103 | E47: 14 | F47: Bonnơr Thảo | G47: Mi | H47: Bonnơr Thảo Mi | I47: 41844 | J47: Nữ | K47: 68314007975 | L47: Thị trấn Lạc Dương | M47: Tổ dân phố B Nơr B | N47: Phường Lang Biang - Đà Lạt | O47: Lâm Đồng | Q47: Tổ dân phố B Nơr B | Z47: 68314007975 | AC47: Cơ-ho | AD47: Không | AF47: 0 | AG47: 0 | AH47: 0 | AO47: 385677851
A48: 43 | B48: 6B | C48: 2007291640 | E48: 15 | F48: Lơ Mu Na Ham | G48: My | H48: Lơ Mu Na Ham My | I48: 41816 | J48: Nam | K48: 68214012938 | L48: Thôn 3 | N48: Xã Lạc Dương | O48: Lâm Đồng | Z48: 68214012938 | AC48: Cil | AD48: Không | AF48: 0 | AG48: 0 | AH48: 0 | AO48: 917963906
A49: 44 | B49: 6B | C49: 2007265923 | E49: 16 | F49: Kon Sơ Ly | G49: Na | H49: Kon Sơ Ly Na | I49: 41705 | J49: Nữ | K49: 68314010987 | L49: Thôn Long Lanh | N49: Xã Lạc Dương | O49: Lâm Đồng | Z49: 68314010987 | AC49: Cil | AD49: Không | AF49: 0 | AG49: 0 | AH49: 0
A50: 45 | B50: 6B | C50: 2007861497 | E50: 17 | F50: Sơ Ao Su | G50: Nét | H50: Sơ Ao Su Nét | I50: 41674 | J50: Nữ | K50: 68314006458 | L50: Đa Tro | N50: Xã Lạc Dương | O50: Lâm Đồng | Z50: 68314006458 | AC50: Cơ-ho | AD50: Không | AF50: 0 | AG50: 0 | AH50: 0
A51: 46 | B51: 6B | C51: 2006153301 | E51: 18 | F51: Kơ Să Phương | G51: Nghi | H51: Kơ Să Phương Nghi | I51: 41890 | J51: Nữ | K51: 68314003205 | L51: Păng Tiêng 1 | N51: Phường Lang Biang - Đà Lạt | O51: Lâm Đồng | Z51: 68314003205 | AC51: Cơ-ho | AD51: Không | AF51: 0 | AG51: 0 | AH51: 0
A52: 47 | B52: 6B | C52: 2005985964 | E52: 19 | F52: Liêng Hót Khánh | G52: Ngọc | H52: Liêng Hót Khánh Ngọc | I52: 41643 | J52: Nữ | K52: 68314009363 | L52: Thôn Đạ Nghịt | N52: Phường Lang Biang - Đà Lạt | O52: Lâm Đồng | Z52: 68314009363 | AC52: Cil | AD52: Không | AF52: 0 | AG52: 0 | AH52: 0 | AO52: 334473418
A53: 48 | B53: 6B | C53: 2005926081 | E53: 20 | F53: Ka Să Sa | G53: Nia | H53: Ka Să Sa Nia | I53: 41647 | J53: Nữ | K53: 68314009634 | L53: Thôn 2 | M53: Thôn 2 | N53: Phường Cam Ly - Đà Lạt | O53: Lâm Đồng | Q53: Thôn K'Nớ 2 | V53: Lâm Đồng | Z53: 68314009634 | AC53: Cơ-ho | AD53: Không | AF53: 0 | AG53: 0 | AH53: 0 | AO53: 368311341
A54: 49 | B54: 6B | C54: 2006028162 | E54: 21 | F54: Rơ Ông E | G54: Rin | H54: Rơ Ông E Rin | I54: 41932 | J54: Nữ | K54: 68314009109 | L54: Thôn Lán Tranh | M54: Thôn Lán Tranh | N54: Xã Đam Rông 4 | O54: Lâm Đồng | Q54: Thôn Lán Tranh | U54: Xã Đam Rông 4 | V54: Lâm Đồng | Z54: 68314009109 | AC54: Cơ-ho | AD54: Không | AF54: 0 | AG54: 0 | AH54: 0 | AO54: 369493081
A55: 50 | B55: 6B | C55: 2009200511 | E55: 22 | F55: Da Gout | G55: Saphy | H55: Da Gout Saphy | I55: 41932 | J55: Nữ | K55: 68314008589 | L55: TDP Bon Đơng 1 | M55: Tổ dân phố Bon Đơng I | N55: Phường Lang Biang - Đà Lạt | O55: Lâm Đồng | Q55: Tổ dân phố Bon Đơng I | U55: Phường Cam Ly - Đà Lạt | V55: Lâm Đồng | Z55: 68314008589 | AC55: Cơ-ho | AD55: Không | AF55: 0 | AG55: 0 | AH55: 0 | AO55: 352037537
A56: 51 | B56: 6B | C56: 2007266634 | E56: 23 | F56: Kon Sa Ki | G56: Te | H56: Kon Sa Ki Te | I56: 41733 | J56: Nam | K56: 68214004985 | L56: Thôn Đưng K Si | N56: Xã Lạc Dương | O56: Lâm Đồng | Z56: 68214004985 | AC56: Cil | AD56: Không | AF56: 0 | AG56: 0 | AH56: 0
A57: 52 | B57: 6B | C57: 2005918394 | E57: 24 | F57: Cil Múp Ê Sơ | G57: Tê | H57: Cil Múp Ê Sơ Tê | I57: 41720 | J57: Nữ | K57: 68314003950 | L57: Thôn 1 | M57: Thôn K'Nớ 2 | N57: Xã Đam Rông 4 | O57: Lâm Đồng | Q57: Thôn K'Nớ 2 | U57: Xã Đam Rông 4 | V57: Lâm Đồng | Z57: 68314003950 | AC57: Cơ-ho | AD57: Không | AF57: 0 | AG57: 0 | AH57: 0 | AO57: 968926721
A58: 53 | B58: 6B | C58: 2007278678 | E58: 25 | F58: Cil Nhất | G58: Thùy | H58: Cil Nhất Thùy | I58: 41804 | J58: Nữ | K58: 68314004369 | L58: Tổ 3, Thôn 2 | M58: Thôn 2 | N58: Phường Cam Ly - Đà Lạt | O58: Lâm Đồng | Q58: Thôn 2 | U58: Phường Cam Ly - Đà Lạt | V58: Lâm Đồng | Z58: 68314004369 | AC58: Cơ-ho | AD58: Không | AF58: 0 | AG58: 0 | AH58: 0 | AO58: 961840633
A59: 54 | B59: 6B | C59: 2007236925 | E59: 26 | F59: Rơ Ông K' | G59: Thư | H59: Rơ Ông K' Thư | I59: 41878 | J59: Nữ | K59: 68314007402 | L59: Tổ 12 Thôn 3 | M59: Thôn 3 | N59: Phường Cam Ly - Đà Lạt | O59: Lâm Đồng | Q59: Thôn 3 | V59: Lâm Đồng | Z59: 68314007402 | AC59: Cơ-ho | AD59: Không | AF59: 0 | AG59: 0 | AH59: 0 | AO59: 386128031
A60: 55 | B60: 6B | C60: 2007282101 | E60: 27 | F60: Kon Sa Trần Huyền | G60: Trang | H60: Kon Sa Trần Huyền Trang | I60: 41789 | J60: Nữ | K60: 68314004787 | L60: Thôn 5 | N60: Xã Lạc Dương | O60: Lâm Đồng | Z60: 68314004787 | AC60: Cil | AD60: Không | AF60: 0 | AG60: 0 | AH60: 0 | AO60: 974781534
A61: 56 | B61: 6B | C61: 2007266649 | E61: 28 | F61: Kơ Să K | G61: Trâm | H61: Kơ Să K Trâm | I61: 41824 | J61: Nữ | K61: 68314004603 | L61: Thôn Đông Mang | N61: Xã Lạc Dương | O61: Lâm Đồng | Z61: 68314004603 | AC61: Cil | AD61: Không | AF61: 0 | AG61: 0 | AH61: 0
A62: 57 | B62: 6B | C62: 2007245142 | E62: 29 | F62: Da Cat Đô | G62: Yan | H62: Da Cat Đô Yan | I62: 41966 | J62: Nam | K62: 68214011892 | L62: Tổ 18, Thôn 6 | M62: Thôn 6 | N62: Phường Cam Ly - Đà Lạt | O62: Lâm Đồng | Q62: Thôn 6 | V62: Lâm Đồng | Z62: 68214011892 | AC62: Cơ-ho | AD62: Không | AF62: 0 | AG62: 0 | AH62: 0 | AO62: 365457462
A63: 58 | B63: 7A | C63: 2003011968 | D63: 6870987192 | E63: 1 | F63: Kră Jẵn Da Lia | G63: A | H63: Kră Jẵn Da Lia A | I63: 41514 | J63: Nữ | K63: 68313006414 | L63: Thôn 1 | N63: Xã Lạc Dương | O63: Lâm Đồng | P63: Thôn 1 | R63: Xã Lạc Dương | S63: Lâm Đồng | T63: Lâm Đồng | W63: Lâm Đồng | Z63: 68313006414 | AC63: Cil | AD63: Không | AF63: 0 | AG63: 0 | AH63: 0 | AI63: Lơ Mu Ha Săc Tana | AJ63: Nông dân | AK63: 1992 | AL63: Kră Jăn Kim Phong | AM63: Nông dân | AN63: 1995 | AO63: 354688377 | AR63: 0 354688377
A64: 59 | B64: 7A | C64: 2007266660 | D64: 6839557963 | E64: 2 | F64: Da Góut Lê | G64: An | H64: Da Góut Lê An | I64: 41426 | J64: Nữ | K64: 68313001040 | L64: Thị trấn Lạc Dương | N64: Phường Lang Biang - Đà Lạt | O64: Lâm Đồng | P64: Thị trấn Lạc Dương | R64: Phường Lang Biang - Đà Lạt | S64: Lâm Đồng | T64: Lâm Đồng | W64: Lâm Đồng | Z64: 68313001040 | AC64: K' ho | AD64: Không | AF64: 0 | AG64: 0 | AH64: 0 | AI64: Cil Wil | AJ64: Làm nông | AK64: 1982 | AL64: Da Gout Sa Bét | AM64: Làm nông | AN64: 1986 | AO64: 384263818
A65: 60 | B65: 7A | C65: 2003016149 | D65: 6884337059 | E65: 3 | F65: Ntôl Bùi Thiên | G65: Ân | H65: Ntôl Bùi Thiên Ân | I65: 41608 | J65: Nam | K65: 68213001414 | L65: THÔN 1 | N65: Xã Đam Rông 4 | O65: Lâm Đồng | P65: THÔN 1 | R65: Xã Đam Rông 4 | S65: Lâm Đồng | T65: Lâm Đồng | W65: Lâm Đồng | Z65: 68213001414 | AC65: Cil | AD65: Không | AF65: 0 | AG65: 0 | AH65: 0 | AI65: Bùi Văn Thơm | AJ65: làm nông | AK65: 1980 | AL65: Ntôl K' Glàng | AM65: Nhân viên y tế | AN65: 1983 | AO65: 982216442
A66: 61 | B66: 7A | C66: 2003015070 | D66: 6884337061 | E66: 4 | F66: Kơ Să | G66: Catherine | H66: Kơ Să Catherine | I66: 41566 | J66: Nữ | K66: 68313008361 | L66: Thôn Đa Hoa, Xã Đa Nhim | N66: Xã Lạc Dương | O66: Lâm Đồng | P66: Thôn Đa Hoa, Xã Đa Nhim | R66: Xã Lạc Dương | S66: Lâm Đồng | T66: Lâm Đồng | W66: Lâm Đồng | Z66: 68313008361 | AC66: Cil | AD66: Không | AF66: 0 | AG66: 0 | AH66: 0 | AI66: Cil Phi Criêu En Sai | AJ66: Viên chức | AK66: 1992 | AL66: Kơ Să Phan Xa | AM66: Lao động tự do | AN66: 1989 | AO66: 988589874
A67: 62 | B67: 7A | C67: 2003007509 | D67: 6884337062 | E67: 5 | F67: Kon Sơ Minh | G67: Châu | H67: Kon Sơ Minh Châu | I67: 41345 | J67: Nữ | K67: 68313005641 | L67: Thôn Tu Poh | N67: Xã Lạc Dương | O67: Lâm Đồng | P67: Thôn Tu Poh | R67: Xã Lạc Dương | S67: Lâm Đồng | T67: Lâm Đồng | W67: Lâm Đồng | Z67: 68313005641 | AC67: Cil | AD67: Không | AF67: 0 | AG67: 0 | AH67: 1 | AI67: Sơ Ao Ha Tư | AJ67: Làm rẫy | AL67: Kon Sơ K Luyên | AM67: Làm rẫy | AN67: 1991 | AO67: 942746777
A68: 63 | B68: 7A | C68: 2007266667 | D68: 6839561127 | E68: 6 | F68: Cil Múp La | G68: Dy | H68: Cil Múp La Dy | I68: 41370 | J68: Nữ | K68: 68313008475 | L68: Thị trấn Lạc Dương | N68: Phường Lang Biang - Đà Lạt | O68: Lâm Đồng | P68: Thị trấn Lạc Dương | R68: Phường Lang Biang - Đà Lạt | S68: Lâm Đồng | T68: Lâm Đồng | W68: Lâm Đồng | Z68: 68313008475 | AC68: K' ho | AD68: Không | AF68: 0 | AG68: 0 | AH68: 1 | AI68: Cil Đình | AJ68: Làm nông | AK68: 1973 | AL68: Cil Múp Lem | AM68: Làm nông | AN68: 1984 | AO68: 983770670
A69: 64 | B69: 7A | C69: 2003014813 | D69: 6857524934 | E69: 7 | F69: Kơ Să Hê | G69: Grin | H69: Kơ Să Hê Grin | I69: 41518 | J69: Nam | K69: 68213005595 | L69: Thôn Đa Hoa | N69: Xã Lạc Dương | O69: Lâm Đồng | P69: Thôn Đa Hoa | R69: Xã Lạc Dương | S69: Lâm Đồng | T69: Lâm Đồng | W69: Lâm Đồng | Z69: 68213005595 | AC69: Cil | AD69: Không | AF69: 0 | AG69: 0 | AH69: 0 | AI69: Liêng Frang Ha Bơi | AJ69: Làm nông | AL69: Kơ Să Na An | AM69: Làm nông | AO69: 362805976
A70: 65 | B70: 7A | C70: 2003016195 | D70: 6884337063 | E70: 8 | F70: Dơng Gur Si | G70: Kha | H70: Dơng Gur Si Kha | I70: 41334 | J70: Nữ | K70: 68313008744 | L70: Thôn Lán Tranh | N70: Xã Đam Rông 4 | O70: Lâm Đồng | P70: Thôn Lán Tranh | R70: Xã Đam Rông 4 | S70: Lâm Đồng | T70: Lâm Đồng | W70: Lâm Đồng | Z70: 68313008744 | AC70: Cil | AD70: Không | AE70: Hiện sống, học tập ở vùng KT-XH khó khăn | AF70: 0 | AG70: 0 | AH70: 1 | AI70: Rơ Ông Ha Hang | AJ70: Lao động tự do | AL70: Dơng Gur K' Uyên | AM70: Lao động tự do | AO70: 965061896
A71: 66 | B71: 7A | C71: 2003007491 | D71: 6878019274 | E71: 9 | F71: Kơ Să Nông Tiến | G71: Khoa | H71: Kơ Să Nông Tiến Khoa | I71: 41493 | J71: Nam | K71: 68213010984 | L71: Thôn Đông Mang | N71: Xã Lạc Dương | O71: Lâm Đồng | P71: Thôn Đông Mang | R71: Xã Lạc Dương | S71: Lâm Đồng | T71: Lâm Đồng | W71: Lâm Đồng | Z71: 68213010984 | AC71: Cil | AD71: Không | AF71: 0 | AG71: 0 | AH71: 1 | AI71: Nông Văn Thanh | AJ71: Nông dân | AK71: 1986 | AL71: Kơ Să K' Vân | AM71: Nông dân | AN71: 1987 | AO71: 942746777
A72: 67 | B72: 7A | C72: 2003016199 | D72: 6884337064 | E72: 10 | F72: Kon Sa The | G72: Kô | H72: Kon Sa The Kô | I72: 41430 | J72: Nữ | K72: 68313003847 | L72: Thôn Lán Tranh | N72: Xã Đam Rông 4 | O72: Lâm Đồng | P72: Thôn Lán Tranh | R72: Xã Đam Rông 4 | S72: Lâm Đồng | T72: Lâm Đồng | W72: Lâm Đồng | Z72: 68313003847 | AC72: Cil | AD72: Không | AF72: 0 | AG72: 0 | AH72: 0 | AI72: Mbon Ha Mên | AJ72: Làm nông | AK72: 1988 | AL72: Kon Sa K' Xuân | AM72: Lao động tự do | AN72: 1991 | AO72: 356730535
A73: 68 | B73: 7A | C73: 2001227492 | D73: 6878153419 | E73: 11 | F73: Dơng Gur Ha | G73: Krơng | H73: Dơng Gur Ha Krơng | I73: 41301 | J73: Nam | K73: 68213005916 | L73: Thôn Cổng Trời | N73: Xã Nam Ban Lâm Hà | O73: Lâm Đồng | P73: Thôn Cổng Trời | R73: Xã Nam Ban Lâm Hà | S73: Lâm Đồng | T73: Lâm Đồng | W73: Lâm Đồng | Z73: 68213005916 | AC73: Cil | AD73: Không | AF73: 0 | AG73: 0 | AH73: 1 | AI73: Cil Trung | AJ73: Nông dân | AK73: 1990 | AL73: Dơng Gur K' Jiêng | AM73: Nông dân | AN73: 1993
A74: 69 | B74: 7A | C74: 2007250577 | D74: 6844474140 | E74: 12 | F74: Klong Như | G74: Lan | H74: Klong Như Lan | I74: 41547 | J74: Nữ | K74: 68313007622 | L74: Tổ 12, Thôn 3 | N74: Phường Cam Ly - Đà Lạt | O74: Lâm Đồng | P74: Tổ 12, Thôn 3 | R74: Phường Cam Ly - Đà Lạt | S74: Lâm Đồng | T74: Lâm Đồng | W74: Lâm Đồng | Z74: 68313007622 | AC74: K' ho | AD74: Không | AF74: 0 | AG74: 0 | AH74: 1 | AI74: Cơ Liêng Sa Lem | AJ74: Nông dân | AK74: 1990 | AL74: Klong K' Lieh | AM74: Nông dân | AN74: 1991 | AO74: 387009989
A75: 70 | B75: 7A | C75: 2007266483 | D75: 6844474196 | E75: 13 | F75: Rơ Ông K' | G75: Le | H75: Rơ Ông K' Le | I75: 41289 | J75: Nữ | K75: 68313008509 | L75: Tổ 12, Thôn 3 | M75: Thôn 3 | N75: Phường Cam Ly - Đà Lạt | O75: Lâm Đồng | P75: Tổ 12, Thôn 3 | Q75: Thôn 3 | R75: Phường Cam Ly - Đà Lạt | S75: Lâm Đồng | T75: Lâm Đồng | W75: Lâm Đồng | Z75: 68313008509 | AC75: K' ho | AD75: Không | AF75: 0 | AG75: 0 | AH75: 1 | AI75: Da Guót K' Bút | AJ75: Làm nông | AK75: 1987 | AL75: Rơ Ông K' Na | AM75: Làm nông | AN75: 1991 | AO75: 344473960
A76: 71 | B76: 7A | C76: 2003011956 | D76: 6844806319 | E76: 14 | F76: Kră Jăn K' | G76: Linh | H76: Kră Jăn K' Linh | I76: 41334 | J76: Nữ | K76: 68313001061 | L76: Thôn 3 | N76: Xã Lạc Dương | O76: Lâm Đồng | P76: Thôn 3 | R76: Xã Lạc Dương | S76: Lâm Đồng | T76: Lâm Đồng | W76: Lâm Đồng | Z76: 68313001061 | AC76: Cil | AD76: Không | AF76: 0 | AG76: 0 | AH76: 0 | AI76: Lơ Mu Ha Duân | AJ76: Nông dân | AK76: 1984 | AL76: Kră Jăn Uri | AM76: Nông dân | AN76: 1984 | AO76: 942746777
A77: 72 | B77: 7A | C77: 2006153766 | D77: 6884337065 | E77: 15 | F77: Klong K' | G77: Loan | H77: Klong K' Loan | I77: 41376 | J77: Nữ | K77: 68313008703 | L77: Đạ Nghịt 1 | N77: Phường Lang Biang - Đà Lạt | O77: Lâm Đồng | P77: Đạ Nghịt 1 | R77: Phường Lang Biang - Đà Lạt | S77: Lâm Đồng | T77: Lâm Đồng | W77: Lâm Đồng | Z77: 68313008703 | AC77: Cil | AD77: Không | AF77: 0 | AG77: 0 | AH77: 0 | AI77: Liêng Hót Ha Jiăng | AJ77: Làm nông | AK77: 1988 | AL77: Klong K' Yểu | AM77: Làm nông | AN77: 1989 | AR77: 349242892
A78: 73 | B78: 7A | C78: 2003016119 | D78: 6884337066 | E78: 16 | F78: Rơ Ông Ha | G78: Luis | H78: Rơ Ông Ha Luis | I78: 41427 | J78: Nam | K78: 68213012066 | L78: Thôn 1 | N78: Xã Đam Rông 4 | O78: Lâm Đồng | P78: Thôn 1 | R78: Xã Đam Rông 4 | S78: Lâm Đồng | T78: Lâm Đồng | W78: Lâm Đồng | Z78: 68213012066 | AC78: Cil | AD78: Không | AF78: 0 | AG78: 0 | AH78: 1 | AI78: Bon Niêng Ha Win | AJ78: Công chức | AK78: 1985 | AL78: Rơ Ông K' Tiên | AM78: làm nông | AN78: 1988 | AO78: 363359003
A79: 74 | B79: 7A | C79: 2003011884 | D79: 6848391598 | E79: 17 | F79: Kon Sơ K' Khên | G79: Ly | H79: Kon Sơ K' Khên Ly | I79: 41335 | J79: Nữ | K79: 68313014239 | L79: Thôn 6 | N79: Xã Lạc Dương | O79: Lâm Đồng | P79: Thôn 6 | R79: Xã Lạc Dương | S79: Lâm Đồng | T79: Lâm Đồng | W79: Lâm Đồng | Z79: 68313014239 | AC79: Cil | AD79: Không | AF79: 0 | AG79: 0 | AH79: 0 | AI79: Liêng Jrang Ha Jim | AJ79: Làm nông | AK79: 1975 | AL79: Kon Sơ K' Chương | AM79: Làm nông | AN79: 1965 | AO79: 395791453
A80: 75 | B80: 7A | C80: 2003007482 | D80: 6802301416 | E80: 18 | F80: Cil Pam Khôi | G80: Nguyên | H80: Cil Pam Khôi Nguyên | I80: 41637 | J80: Nam | K80: 68213011901 | L80: Thôn Tu Poh | N80: Xã Lạc Dương | O80: Lâm Đồng | P80: Thôn Tu Poh | R80: Xã Lạc Dương | S80: Lâm Đồng | T80: Lâm Đồng | W80: Lâm Đồng | Z80: 68213011901 | AC80: Cil | AD80: Không | AF80: 0 | AG80: 0 | AH80: 1 | AI80: Ha Nuyn | AJ80: Nông dân | AK80: 1993 | AL80: Cil Pam K Him | AM80: Nông dân | AN80: 1993 | AO80: 942746777
A81: 76 | B81: 7A | C81: 2006153788 | D81: 6858294710 | E81: 19 | F81: Pang Ting Trắng Thu | G81: Nguyệt | H81: Pang Ting Trắng Thu Nguyệt | I81: 41448 | J81: Nữ | K81: 68313005805 | L81: Đạ Nghịt | N81: Phường Lang Biang - Đà Lạt | O81: Lâm Đồng | P81: Đạ Nghịt | R81: Phường Lang Biang - Đà Lạt | S81: Lâm Đồng | T81: Lâm Đồng | W81: Lâm Đồng | Z81: 68313005805 | AC81: K' ho | AD81: Không | AF81: 1 | AG81: 0 | AH81: 0 | AL81: Pang Ting Hậu | AM81: Làm nông | AO81: 942746777 | AR81: 378939847
A82: 77 | B82: 7A | C82: 2009201989 | D82: 6804793994 | E82: 20 | F82: Bạch Pang Thiện | G82: Nhân | H82: Bạch Pang Thiện Nhân | I82: 41482 | J82: Nam | K82: 17213010875 | L82: Tổ dân phố Bon Đơng 1 | N82: Phường Lang Biang - Đà Lạt | O82: Lâm Đồng | P82: Tổ dân phố Bon Đơng 1 | R82: Phường Lang Biang - Đà Lạt | S82: Lâm Đồng | T82: Hòa Bình | W82: Hòa Bình | Z82: 17213010875 | AC82: Mường | AD82: Không | AF82: 0 | AG82: 0 | AH82: 0 | AI82: Bạch Xuân Khương | AJ82: Nông dân | AK82: 1982 | AL82: Pang Ting Dok Đuil | AM82: Nông dân | AN82: 1988 | AO82: 988567745
A83: 78 | B83: 7A | C83: 2007115913 | D83: 6840162672 | E83: 21 | F83: Cêl Môp Rơ Ông | G83: Nhuận | H83: Cêl Môp Rơ Ông Nhuận | I83: 41479 | J83: Nam | K83: 68213006387 | L83: Thị trấn Lạc Dương | N83: Phường Lang Biang - Đà Lạt | O83: Lâm Đồng | P83: Thị trấn Lạc Dương | R83: Phường Lang Biang - Đà Lạt | S83: Lâm Đồng | T83: Lâm Đồng | W83: Lâm Đồng | Z83: 68213006387 | AC83: Cơ-ho | AD83: Không | AF83: 0 | AG83: 0 | AH83: 0 | AI83: Cil K’ Nhuyl | AJ83: Làm nông | AK83: 1980 | AL83: Rơ Ông K’ Xuân | AM83: Làm nông | AN83: 1990 | AO83: 917478306
A84: 79 | B84: 7A | C84: 2006163697 | D84: 6884337068 | E84: 22 | F84: Rơ Ông Kỳ | G84: Phương | H84: Rơ Ông Kỳ Phương | I84: 41424 | J84: Nữ | K84: 68313012294 | L84: Păng Tiêng | N84: Phường Lang Biang - Đà Lạt | O84: Lâm Đồng | P84: Xã Lát - Lạc Dương | R84: Phường Lang Biang - Đà Lạt | S84: Lâm Đồng | T84: Lâm Đồng | W84: Lâm Đồng | Z84: 68313012294 | AC84: K' ho | AD84: Không | AF84: 0 | AG84: 0 | AH84: 1 | AI84: Kră Jan Hoan | AJ84: Nông dân | AK84: 1990 | AL84: Rơ Ông K' Thảo | AM84: Nông dân | AN84: 1991 | AR84: 329866470
A85: 80 | B85: 7A | C85: 2006153773 | D85: 6884337069 | E85: 23 | F85: Cil The | G85: Ry | H85: Cil The Ry | I85: 41314 | J85: Nữ | K85: 68313008746 | L85: Đạ Nghịt 1 | N85: Phường Lang Biang - Đà Lạt | O85: Lâm Đồng | P85: Đạ Nghịt 1 | R85: Phường Lang Biang - Đà Lạt | S85: Lâm Đồng | T85: Lâm Đồng | W85: Lâm Đồng | Z85: 68313008746 | AC85: Cil | AD85: Không | AF85: 1 | AG85: 0 | AH85: 0 | AI85: Liêng Hót Ha Blin | AJ85: Làm nông | AL85: Cil K' Thuyết | AM85: Làm nôg
A86: 81 | B86: 7A | C86: 2003012385 | D86: 6870986428 | E86: 24 | F86: Kră Jãn Na | G86: Than | H86: Kră Jãn Na Than | I86: 41523 | J86: Nam | K86: 68213002414 | L86: Thôn 2 | N86: Xã Lạc Dương | O86: Lâm Đồng | P86: Thôn 2 | R86: Xã Lạc Dương | S86: Lâm Đồng | T86: Lâm đồng | W86: Lâm Đồng | Z86: 68213002414 | AC86: Cil | AD86: Không | AF86: 0 | AG86: 0 | AH86: 0 | AI86: Cil Ha Na Ly | AJ86: Làm nông | AK86: 1982 | AL86: Kră Jăn K’ Hiếu | AM86: Làm nông | AN86: 1983 | AO86: 912785080
A87: 82 | B87: 7A | C87: 2003014839 | D87: 6841159824 | E87: 25 | F87: Bon Dơng Lê | G87: Thiên | H87: Bon Dơng Lê Thiên | I87: 41275 | J87: Nữ | K87: 68313003461 | L87: Thôn Đạ Chais | N87: Xã Lạc Dương | O87: Lâm Đồng | P87: Thôn Đạ Chais | R87: Xã Lạc Dương | S87: Lâm Đồng | T87: Lâm Đồng | W87: Lâm Đồng | Z87: 68313003461 | AC87: Cil | AD87: Không | AF87: 0 | AG87: 0 | AH87: 0 | AI87: Ha Nơ | AJ87: làm nông | AK87: 1983 | AL87: Bon Dơng K' Lê Na | AM87: Làm nông | AN87: 1987 | AO87: 398090641
A88: 83 | B88: 7A | C88: 2007266638 | D88: 6855815162 | E88: 26 | F88: Klong Đức | G88: Thuận | H88: Klong Đức Thuận | I88: 41388 | J88: Nam | K88: 68213006448 | L88: Tổ 12, Thôn 3 | N88: Phường Cam Ly - Đà Lạt | O88: Lâm Đồng | P88: Tổ 12, Thôn 3 | R88: Phường Cam Ly - Đà Lạt | S88: Lâm Đồng | T88: Lâm Đồng | W88: Lâm Đồng | Z88: 68213006448 | AC88: Cil | AD88: Không | AF88: 0 | AG88: 0 | AH88: 1 | AI88: K' Thiết | AJ88: Làm nông | AK88: 1987 | AL88: K Long K' Hà | AM88: Giáo viên | AN88: 1987 | AO88: 389616803 | AQ88: 389616803 | AR88: 389616803
A89: 84 | B89: 7A | C89: 2003007504 | D89: 6878019283 | E89: 27 | F89: Kơ Să Nông Thị | G89: Trang | H89: Kơ Să Nông Thị Trang | I89: 41520 | J89: Nữ | K89: 68313004149 | L89: Thôn Đông Mang | N89: Xã Lạc Dương | O89: Lâm Đồng | P89: Thôn Đông Mang | R89: Xã Lạc Dương | S89: Lâm Đồng | T89: Lâm Đồng | W89: Lâm Đồng | Z89: 68313004149 | AC89: Cil | AD89: Không | AF89: 0 | AG89: 0 | AH89: 1 | AI89: Nông Văn Đức | AJ89: Nông dân | AK89: 1982 | AL89: Kơ Să K Huy | AM89: Nông dân | AN89: 1984 | AO89: 942746777
A90: 85 | B90: 7A | C90: 2003016166 | D90: 6884337070 | E90: 28 | F90: Cil Múp Huyền | G90: Trân | H90: Cil Múp Huyền Trân | I90: 41483 | J90: Nữ | K90: 68313004880 | L90: Thôn 1 | N90: Xã Đam Rông 4 | O90: Lâm Đồng | P90: Thôn 1 | R90: Xã Đam Rông 4 | S90: Lâm Đồng | T90: Lâm Đồng | W90: Lâm Đồng | Z90: 68313004880 | AC90: Cil | AD90: Không | AF90: 0 | AG90: 0 | AH90: 1 | AI90: Lơ Mu Ha Tuân | AJ90: làm nông | AL90: Cil Múp K' Gluỗn | AM90: nhân viên | AO90: 979716715
A91: 86 | B91: 7A | C91: 2003014922 | D91: 6841189638 | E91: 29 | F91: Cil Yũ K' Hải | G91: Yến | H91: Cil Yũ K' Hải Yến | I91: 41575 | J91: Nữ | K91: 68313010734 | L91: Xã Đạ Nhim, Huyện Lạc Dương, Lâm Đồng | N91: Xã Lạc Dương | O91: Lâm Đồng | P91: Xã Đạ Nhim, Huyện Lạc Dương, Lâm Đồng | R91: Xã Lạc Dương | S91: Lâm Đồng | T91: Lâm Đồng | W91: Lâm Đồng | Z91: 68313010734 | AC91: Cil | AD91: Không | AF91: 0 | AG91: 0 | AH91: 0 | AL91: Cil Yũ K' Xôn | AM91: Nông dân | AN91: 1989 | AO91: 911381667
A92: 87 | B92: 7B | C92: 2007266665 | D92: 6884660085 | E92: 1 | F92: Kră Jañ Ra | G92: Chel | H92: Kră Jañ Ra Chel | I92: 41322 | J92: Nữ | K92: 68313012356 | L92: Bon Dơng 1 | N92: Phường Lang Biang - Đà Lạt | O92: Lâm Đồng | P92: Bon Dơng 1 | R92: Phường Lang Biang - Đà Lạt | S92: Lâm Đồng | T92: Lâm Đồng | W92: Lâm Đồng | Z92: 68313012356 | AC92: Cơ-ho | AD92: Tin lành | AF92: 1 | AG92: 1 | AH92: 1 | AI92: K Sã Ra Joel | AJ92: Làm nông | AK92: 1980 | AL92: Kră Jăn Lim | AM92: Làm nông | AN92: 1982 | AO92: 393591028
A93: 88 | B93: 7B | C93: 2003016118 | D93: 6884337184 | E93: 2 | F93: Cil Múp | G93: MyRinDa | H93: Cil Múp MyRinDa | I93: 41367 | J93: Nữ | K93: 68313010493 | L93: Thôn 1 | N93: Xã Đam Rông 4 | O93: Lâm Đồng | P93: Thôn 1 | R93: Xã Đam Rông 4 | S93: Lâm Đồng | T93: Lâm Đồng | W93: Lâm Đồng | Z93: 68313010493 | AC93: Cil | AD93: Tin lành | AF93: 0 | AG93: 0 | AH93: 1 | AI93: Lơ Mu Da Ly | AJ93: Bác sĩ | AK93: 1983 | AL93: Cil Múp K' Griêng | AM93: Giáo Viên | AN93: 1985 | AO93: 344348515
A94: 89 | B94: 7B | C94: 2003016112 | D94: 6884337185 | E94: 3 | F94: Ntôl Ha | G94: Dân | H94: Ntôl Ha Dân | I94: 41572 | J94: Nam | K94: 68213008583 | L94: Thôn 1 | M94: Thôn K'Nớ 1 | N94: Xã Đam Rông 4 | O94: Lâm Đồng | P94: Thôn 1 | Q94: Thôn K'Nớ 1 | R94: Xã Đam Rông 4 | S94: Lâm Đồng | T94: Lâm Đồng | U94: Xã Đam Rông 4 | V94: Lâm Đồng | W94: Lâm Đồng | Z94: 68213008583 | AC94: Cil | AD94: Công giáo | AF94: 0 | AG94: 0 | AH94: 1 | AI94: Phi Srỗn Ha Pôl | AJ94: Công chức | AK94: 1983 | AL94: Ntôl K' Diên | AM94: Công chức | AN94: 1983 | AO94: 374628740
A95: 90 | B95: 7B | C95: 2003012369 | D95: 6870987105 | E95: 4 | F95: Kră Jăn K' Linh | G95: Đan | H95: Kră Jăn K' Linh Đan | I95: 41348 | J95: Nữ | K95: 68313005559 | L95: Thôn 1 | N95: Xã Lạc Dương | O95: Lâm Đồng | P95: Thôn 1 | R95: Xã Lạc Dương | S95: Lâm Đồng | T95: Lâm Đồng | W95: Lâm Đồng | Z95: 68313005559 | AC95: Cil | AD95: Tin lành | AF95: 0 | AG95: 0 | AH95: 1 | AI95: Đa Kriêng Ha Da Uyn | AK95: 1990 | AL95: Krăn Jăn K' Khen Ly | AN95: 1991 | AO95: 352231896 | AR95: 332224416
A96: 91 | B96: 7B | C96: 2006164505 | D96: 6884337186 | E96: 5 | F96: K' | G96: Hi | H96: K' Hi | I96: 41278 | J96: Nữ | K96: 68313007286 | L96: Păng Tiêng | N96: Phường Lang Biang - Đà Lạt | O96: Lâm Đồng | P96: Păng Tiêng | R96: Phường Lang Biang - Đà Lạt | S96: Lâm Đồng | T96: Lâm Đồng | W96: Lâm Đồng | Z96: 68313007286 | AC96: K' ho | AD96: Công giáo | AF96: 0 | AG96: 0 | AH96: 1 | AI96: Kơ Să Blok | AJ96: Nông dân | AK96: 1987 | AL96: K' Luyn | AM96: Nông dân | AN96: 1991 | AO96: 379583782
A97: 92 | B97: 7B | C97: 2003015048 | D97: 6841422869 | E97: 6 | F97: Cao Kon Sơ Song | G97: Hỉ | H97: Cao Kon Sơ Song Hỉ | I97: 41510 | J97: Nam | K97: 68213003815 | L97: Thôn Đa Blah | N97: Xã Lạc Dương | O97: Lâm Đồng | P97: Thôn Đa Blah | R97: Xã Lạc Dương | S97: Lâm Đồng | T97: Lâm Đồng | W97: Lâm Đồng | Z97: 68213003815 | AC97: Cơ-ho | AD97: Tin lành | AF97: 0 | AG97: 0 | AH97: 1 | AI97: Cao Sư Huynh | AJ97: Lao động tự do | AK97: 1990 | AL97: Kon Sơ Si Rô | AM97: Lao động tự do | AN97: 1994 | AO97: 347576727
A98: 93 | B98: 7B | C98: 2006153764 | D98: 6884337188 | E98: 7 | F98: Liêng Hót | G98: Jêrôham | H98: Liêng Hót Jêrôham | I98: 41558 | J98: Nam | K98: 68213007608 | L98: Đạ Nghịt 1 | N98: Phường Lang Biang - Đà Lạt | O98: Lâm Đồng | P98: Đạ Nghịt 1 | R98: Phường Lang Biang - Đà Lạt | S98: Lâm Đồng | T98: Lâm Đồng | W98: Lâm Đồng | Z98: 68213007608 | AC98: Cil | AD98: Tin lành | AF98: 0 | AG98: 0 | AH98: 1 | AI98: Cil Ha Thom | AJ98: Làm nông | AK98: 1991 | AL98: Liêng Hót K' Mên | AM98: Làm nông | AN98: 1993 | AO98: 337898375
A99: 94 | B99: 7B | C99: 2003015002 | D99: 6841201362 | E99: 8 | F99: Lơ Mu Re | G99: Joice | H99: Lơ Mu Re Joice | I99: 41397 | J99: Nữ | K99: 68313006536 | L99: Đa Tro | N99: Xã Lạc Dương | O99: Lâm Đồng | P99: Đa Tro- Đa Nhim | R99: Xã Lạc Dương | S99: Lâm Đồng | T99: Lâm Đồng | W99: Lâm Đồng | Z99: 68313006536 | AC99: Cil | AD99: Tôn giáo khác | AF99: 0 | AG99: 0 | AH99: 1 | AI99: Cil Phi Criêu Tha Ny | AJ99: Làm vườn | AK99: 1978 | AL99: Lơ Mu K' Tuyn | AM99: Làm vườn | AN99: 1987 | AO99: 865104644
A100: 95 | B100: 7B | C100: 2003016104 | D100: 6803388754 | E100: 9 | F100: Lê Võ Thiên | G100: Kim | H100: Lê Võ Thiên Kim | I100: 41446 | J100: Nữ | K100: 68313007164 | L100: Thôn 1 | M100: Thôn K'Nớ 2 | N100: Xã Đam Rông 4 | O100: Lâm Đồng | P100: Thôn 1 | Q100: Thôn K'Nớ 2 | R100: Xã Đam Rông 4 | S100: Lâm Đồng | T100: Lâm Đồng | W100: Thanh Hóa | Z100: 68313007164 | AC100: Kinh | AD100: Không | AF100: 0 | AG100: 0 | AH100: 1 | AI100: Lê Đình Thắng | AJ100: Giáo Viên | AK100: 1984 | AL100: Võ Thị Hằng | AM100: Giáo Viên | AN100: 1987 | AO100: 913309331
A101: 96 | B101: 7B | C101: 2007266955 | D101: 6844474194 | E101: 10 | F101: Pang Ting Trần Xuân | G101: Lam | H101: Pang Ting Trần Xuân Lam | I101: 41339 | J101: Nữ | K101: 68313009573 | L101: Tổ 16, Thôn 1 | N101: Phường Cam Ly - Đà Lạt | O101: Lâm Đồng | P101: Tổ 16,Thôn 1 | R101: Phường Cam Ly - Đà Lạt | S101: Lâm Đồng | T101: Lâm Đồng | W101: Lâm Đồng | Z101: 68313009573 | AC101: Cơ-ho | AD101: Công giáo | AF101: 0 | AG101: 0 | AH101: 1 | AI101: Trần Xuân Vinh | AJ101: Nông dân | AK101: 1987 | AL101: Pang Ting Srí | AM101: Nông dân | AN101: 1993 | AO101: 329710830 | AQ101: 889763630 | AR101: 329710830
A102: 97 | B102: 7B | C102: 2003011892 | D102: 6801561613 | E102: 11 | F102: Klong Hà Hải | G102: Luân | H102: Klong Hà Hải Luân | I102: 41426 | J102: Nam | K102: 68213005760 | L102: Thôn 5 | N102: Xã Lạc Dương | O102: Lâm Đồng | P102: Thôn 5 | R102: Xã Lạc Dương | S102: Lâm Đồng | T102: Lâm Đồng | W102: Lâm Đồng | Z102: 68213005760 | AC102: Cil | AD102: Tin lành | AF102: 1 | AG102: 0 | AH102: 1 | AI102: Lơ Mu Na Lên | AJ102: Lao động tự do | AK102: 1983 | AL102: Klong K' Hiệp | AM102: Lao động tự do | AN102: 1985 | AO102: 982038704
...

Sheet DS HS không ăn
F1: =COUNTIF(B5:B629,"?") -> 0 | J1: Tháng 02 / 2026 | DD1: Số lượng cắt phần ăn | DH1: =MAX($CN$2:$CY$2)*$F$3-DD3 -> 19843 | DI1: =MAX($CN$2:$CY$2)*$F$3-DE3 -> 19851 | DJ1: =MAX($CN$2:$CY$2)*$F$3-DF3 -> 19861
J2: Ngày | K2: 46054 | L2: 46054 | M2: 46054 | N2: 2 | O2: 2 | P2: 2 | Q2: 3 | R2: 3 | S2: 3 | T2: 4 | U2: 4 | V2: 4 | W2: 5 | X2: 5 | Y2: 5 | Z2: 6 | AA2: 6 | AB2: 6 | AC2: 7 | AD2: 7 | AE2: 7 | AF2: 8 | AG2: 8 | AH2: 8 | AI2: 9 | AJ2: 9 | AK2: 9 | AL2: 10 | AM2: 10 | AN2: 10 | AO2: 11 | AP2: 11 | AQ2: 11 | AR2: 12 | AS2: 12 | AT2: 12 | AU2: 13 | AV2: 13 | AW2: 13 | AX2: 14 | AY2: 14 | AZ2: 14 | BA2: 15 | BB2: 15 | BC2: 15 | BD2: 16 | BE2: 16 | BF2: 16 | BG2: 17 | BH2: 17 | BI2: 17 | BJ2: 18 | BK2: 18 | BL2: 18 | BM2: 19 | BN2: 19 | BO2: 19 | BP2: 20 | BQ2: 20 | BR2: 20 | BS2: 21 | BT2: 21 | BU2: 21 | BV2: 22 | BW2: 22 | BX2: 22 | BY2: 23 | BZ2: 23 | CA2: 23 | CB2: 24 | CC2: 24 | CD2: 24 | CE2: 25 | CF2: 25 | CG2: 25 | CH2: 26 | CI2: 26 | CJ2: 26 | CK2: 27 | CL2: 27 | CM2: 27 | CN2: 28 | CO2: 28 | CP2: 28 | CQ2: 29 | CR2: 29 | CS2: 29 | CT2: 30 | CU2: 30 | CV2: 30 | CW2: 31 | CX2: 31 | CY2: 31 | CZ2: 46054 | DA2: 46054 | DB2: 46054 | DE2: =DE3+DF3 -> 154 | DH2: Số buổi ăn | DI2: =DI3+DJ3 -> 39774
A3: =COUNTA(A5:A649) -> 643 | B3: =COUNTIF(B5:B629,"?") -> 0 | C3: =COUNTA(C5:C649) -> 643 | D3: =COUNTA(D5:D629) -> 0 | E3: =COUNTA(E5:E629) -> 151 | F3: =COUNTA(F5:F649) -> 643 | J3: Thứ | K3: CN | L3: CN | M3: CN | N3: Hai | Q3: Ba | T3: Tư | W3: Năm | Z3: Sáu | AC3: Bảy | AD3: Bảy | AE3: Bảy | AF3: CN | AG3: CN | AH3: CN | AI3: Hai | AL3: Ba | AO3: Tư | AR3: Năm | AU3: Sáu | AX3: Bảy | AY3: Bảy | AZ3: Bảy | BA3: CN | BB3: CN | BC3: CN | BD3: Hai | BG3: Ba | BJ3: Tư | BM3: Năm | BP3: Sáu | BS3: Bảy | BT3: Bảy | BU3: Bảy | BV3: CN | BW3: CN | BX3: CN | BY3: Hai | CB3: Ba | CE3: Tư | CH3: Năm | CK3: Sáu | CN3: Bảy | CO3: Bảy | CP3: Bảy | CZ3: CN | DA3: CN | DB3: CN | DD3: =SUM(DD5:DD649) -> 90 | DE3: =SUM(DE5:DE649) -> 82 | DF3: =SUM(DF5:DF649) -> 72 | DH3: =SUM(DH5:DH649) -> 19874 | DI3: =SUM(DI5:DI649) -> 19882 | DJ3: =SUM(DJ5:DJ649) -> 19892
A4: STT | B4: KT lớp | E4: STT | G4: Mã học sinh | H4: Mã MOET | I4: Số định danh | J4: Họ và tên | K4: Sáng | L4: Trưa | M4: Chiều | N4: Sáng | O4: Trưa | P4: Chiều | Q4: Sáng | R4: Trưa | S4: Chiều | T4: Sáng | U4: Trưa | V4: Chiều | W4: Sáng | X4: Trưa | Y4: Chiều | Z4: Sáng | AA4: Trưa | AB4: Chiều | AC4: Sáng | AD4: Trưa | AE4: Chiều | AF4: Sáng | AG4: Trưa | AH4: Chiều | AI4: Sáng | AJ4: Trưa | AK4: Chiều | AL4: Sáng | AM4: Trưa | AN4: Chiều | AO4: Sáng | AP4: Trưa | AQ4: Chiều | AR4: Sáng | AS4: Trưa | AT4: Chiều | AU4: Sáng | AV4: Trưa | AW4: Chiều | AX4: Sáng | AY4: Trưa | AZ4: Chiều | BA4: Sáng | BB4: Trưa | BC4: Chiều | BD4: Sáng | BE4: Trưa | BF4: Chiều | BG4: Sáng | BH4: Trưa | BI4: Chiều | BJ4: Sáng | BK4: Trưa | BL4: Chiều | BM4: Sáng | BN4: Trưa | BO4: Chiều | BP4: Sáng | BQ4: Trưa | BR4: Chiều | BS4: Sáng | BT4: Trưa | BU4: Chiều | BV4: Sáng | BW4: Trưa | BX4: Chiều | BY4: Sáng | BZ4: Trưa | CA4: Chiều | CB4: Sáng | CC4: Trưa | CD4: Chiều | CE4: Sáng | CF4: Trưa | CG4: Chiều | CH4: Sáng | CI4: Trưa | CJ4: Chiều | CK4: Sáng | CL4: Trưa | CM4: Chiều | CN4: Sáng | CO4: Trưa | CP4: Chiều | CZ4: Sáng | DA4: Trưa | DB4: Chiều | DD4: Sáng | DE4: Trưa | DF4: Chiều | DH4: Sáng | DI4: Trưa | DJ4: Chiều
A5: 1 | B5: =IF(C5<>F5,"?","") | C5: 6A | E5: 1 | F5: 6A | G5: 2005929926 | J5: Bon Niêng K' A Ngọc Bé | DD5: =COUNTA(CW5,CQ5,CN5,CK5,CH5,CB5,CE5,BY5,BV5,BS5,BP5,BM5,BJ5,BG5,BD5,BA5,AX5,AU5,AR5,AO5,AL5,AI5,AF5,AC5,Z5,W5,T5,Q5,N5,K5,CT5) -> 0 | DE5: =COUNTA(CX5,CR5,CO5,CL5,CI5,CC5,CF5,BZ5,BW5,BT5,BQ5,BN5,BK5,BH5,BE5,BB5,AY5,AV5,AS5,AP5,AM5,AJ5,AG5,AD5,AA5,X5,U5,R5,O5,L5,CU5) -> 0 | DF5: =COUNTA(CY5,CS5,CP5,CM5,CJ5,CD5,CG5,CA5,BX5,BU5,BR5,BO5,BL5,BI5,BF5,BC5,AZ5,AW5,AT5,AQ5,AN5,AK5,AH5,AE5,AB5,Y5,V5,S5,P5,M5,CV5) -> 0 | DH5: =MAX($CN$2:$CY$2)-DD5 -> 31 | DI5: =MAX($CN$2:$CY$2)-DE5 -> 31 | DJ5: =MAX($CN$2:$CY$2)-DF5 -> 31
A6: 2 | B6: =IF(C6<>F6,"?","") | C6: 6A | E6: 2 | F6: 6A | G6: 2005987563 | J6: Phi Srônh Khánh Di | DD6: =COUNTA(CW6,CQ6,CN6,CK6,CH6,CB6,CE6,BY6,BV6,BS6,BP6,BM6,BJ6,BG6,BD6,BA6,AX6,AU6,AR6,AO6,AL6,AI6,AF6,AC6,Z6,W6,T6,Q6,N6,K6,CT6) -> 0 | DE6: =COUNTA(CX6,CR6,CO6,CL6,CI6,CC6,CF6,BZ6,BW6,BT6,BQ6,BN6,BK6,BH6,BE6,BB6,AY6,AV6,AS6,AP6,AM6,AJ6,AG6,AD6,AA6,X6,U6,R6,O6,L6,CU6) -> 0 | DF6: =COUNTA(CY6,CS6,CP6,CM6,CJ6,CD6,CG6,CA6,BX6,BU6,BR6,BO6,BL6,BI6,BF6,BC6,AZ6,AW6,AT6,AQ6,AN6,AK6,AH6,AE6,AB6,Y6,V6,S6,P6,M6,CV6) -> 0 | DH6: =MAX($CN$2:$CY$2)-DD6 -> 31 | DI6: =MAX($CN$2:$CY$2)-DE6 -> 31 | DJ6: =MAX($CN$2:$CY$2)-DF6 -> 31
A7: 3 | B7: =IF(C7<>F7,"?","") | C7: 6A | E7: 3 | F7: 6A | G7: 2007861016 | J7: Lơ Mu Phong Đạt | DD7: =COUNTA(CW7,CQ7,CN7,CK7,CH7,CB7,CE7,BY7,BV7,BS7,BP7,BM7,BJ7,BG7,BD7,BA7,AX7,AU7,AR7,AO7,AL7,AI7,AF7,AC7,Z7,W7,T7,Q7,N7,K7,CT7) -> 0 | DE7: =COUNTA(CX7,CR7,CO7,CL7,CI7,CC7,CF7,BZ7,BW7,BT7,BQ7,BN7,BK7,BH7,BE7,BB7,AY7,AV7,AS7,AP7,AM7,AJ7,AG7,AD7,AA7,X7,U7,R7,O7,L7,CU7) -> 0 | DF7: =COUNTA(CY7,CS7,CP7,CM7,CJ7,CD7,CG7,CA7,BX7,BU7,BR7,BO7,BL7,BI7,BF7,BC7,AZ7,AW7,AT7,AQ7,AN7,AK7,AH7,AE7,AB7,Y7,V7,S7,P7,M7,CV7) -> 0 | DH7: =MAX($CN$2:$CY$2)-DD7 -> 31 | DI7: =MAX($CN$2:$CY$2)-DE7 -> 31 | DJ7: =MAX($CN$2:$CY$2)-DF7 -> 31
A8: 4 | B8: =IF(C8<>F8,"?","") | C8: 6A | E8: 4 | F8: 6A | G8: 2007275982 | J8: Đa Goút Ngọc Hân | DD8: =COUNTA(CW8,CQ8,CN8,CK8,CH8,CB8,CE8,BY8,BV8,BS8,BP8,BM8,BJ8,BG8,BD8,BA8,AX8,AU8,AR8,AO8,AL8,AI8,AF8,AC8,Z8,W8,T8,Q8,N8,K8,CT8) -> 0 | DE8: =COUNTA(CX8,CR8,CO8,CL8,CI8,CC8,CF8,BZ8,BW8,BT8,BQ8,BN8,BK8,BH8,BE8,BB8,AY8,AV8,AS8,AP8,AM8,AJ8,AG8,AD8,AA8,X8,U8,R8,O8,L8,CU8) -> 0 | DF8: =COUNTA(CY8,CS8,CP8,CM8,CJ8,CD8,CG8,CA8,BX8,BU8,BR8,BO8,BL8,BI8,BF8,BC8,AZ8,AW8,AT8,AQ8,AN8,AK8,AH8,AE8,AB8,Y8,V8,S8,P8,M8,CV8) -> 0 | DH8: =MAX($CN$2:$CY$2)-DD8 -> 31 | DI8: =MAX($CN$2:$CY$2)-DE8 -> 31 | DJ8: =MAX($CN$2:$CY$2)-DF8 -> 31
A9: 5 | B9: =IF(C9<>F9,"?","") | C9: 6A | E9: 5 | F9: 6A | G9: 2005932767 | J9: Khổng Hữu Nhật Hưng | DD9: =COUNTA(CW9,CQ9,CN9,CK9,CH9,CB9,CE9,BY9,BV9,BS9,BP9,BM9,BJ9,BG9,BD9,BA9,AX9,AU9,AR9,AO9,AL9,AI9,AF9,AC9,Z9,W9,T9,Q9,N9,K9,CT9) -> 0 | DE9: =COUNTA(CX9,CR9,CO9,CL9,CI9,CC9,CF9,BZ9,BW9,BT9,BQ9,BN9,BK9,BH9,BE9,BB9,AY9,AV9,AS9,AP9,AM9,AJ9,AG9,AD9,AA9,X9,U9,R9,O9,L9,CU9) -> 0 | DF9: =COUNTA(CY9,CS9,CP9,CM9,CJ9,CD9,CG9,CA9,BX9,BU9,BR9,BO9,BL9,BI9,BF9,BC9,AZ9,AW9,AT9,AQ9,AN9,AK9,AH9,AE9,AB9,Y9,V9,S9,P9,M9,CV9) -> 0 | DH9: =MAX($CN$2:$CY$2)-DD9 -> 31 | DI9: =MAX($CN$2:$CY$2)-DE9 -> 31 | DJ9: =MAX($CN$2:$CY$2)-DF9 -> 31
A10: 6 | B10: =IF(C10<>F10,"?","") | C10: 6A | E10: 6 | F10: 6A | G10: 2005987564 | J10: Kră Jăn Inly | DD10: =COUNTA(CW10,CQ10,CN10,CK10,CH10,CB10,CE10,BY10,BV10,BS10,BP10,BM10,BJ10,BG10,BD10,BA10,AX10,AU10,AR10,AO10,AL10,AI10,AF10,AC10,Z10,W10,T10,Q10,N10,K10,CT10) -> 0 | DE10: =COUNTA(CX10,CR10,CO10,CL10,CI10,CC10,CF10,BZ10,BW10,BT10,BQ10,BN10,BK10,BH10,BE10,BB10,AY10,AV10,AS10,AP10,AM10,AJ10,AG10,AD10,AA10,X10,U10,R10,O10,L10,CU10) -> 0 | DF10: =COUNTA(CY10,CS10,CP10,CM10,CJ10,CD10,CG10,CA10,BX10,BU10,BR10,BO10,BL10,BI10,BF10,BC10,AZ10,AW10,AT10,AQ10,AN10,AK10,AH10,AE10,AB10,Y10,V10,S10,P10,M10,CV10) -> 0 | DH10: =MAX($CN$2:$CY$2)-DD10 -> 31 | DI10: =MAX($CN$2:$CY$2)-DE10 -> 31 | DJ10: =MAX($CN$2:$CY$2)-DF10 -> 31
A11: 7 | B11: =IF(C11<>F11,"?","") | C11: 6A | E11: 7 | F11: 6A | G11: 2007861253 | J11: Kon Sơ Jack Ky | DD11: =COUNTA(CW11,CQ11,CN11,CK11,CH11,CB11,CE11,BY11,BV11,BS11,BP11,BM11,BJ11,BG11,BD11,BA11,AX11,AU11,AR11,AO11,AL11,AI11,AF11,AC11,Z11,W11,T11,Q11,N11,K11,CT11) -> 0 | DE11: =COUNTA(CX11,CR11,CO11,CL11,CI11,CC11,CF11,BZ11,BW11,BT11,BQ11,BN11,BK11,BH11,BE11,BB11,AY11,AV11,AS11,AP11,AM11,AJ11,AG11,AD11,AA11,X11,U11,R11,O11,L11,CU11) -> 0 | DF11: =COUNTA(CY11,CS11,CP11,CM11,CJ11,CD11,CG11,CA11,BX11,BU11,BR11,BO11,BL11,BI11,BF11,BC11,AZ11,AW11,AT11,AQ11,AN11,AK11,AH11,AE11,AB11,Y11,V11,S11,P11,M11,CV11) -> 0 | DH11: =MAX($CN$2:$CY$2)-DD11 -> 31 | DI11: =MAX($CN$2:$CY$2)-DE11 -> 31 | DJ11: =MAX($CN$2:$CY$2)-DF11 -> 31
A12: 8 | B12: =IF(C12<>F12,"?","") | C12: 6A | E12: 8 | F12: 6A | G12: 2007282084 | J12: Kơ Să Lê Bê La | DD12: =COUNTA(CW12,CQ12,CN12,CK12,CH12,CB12,CE12,BY12,BV12,BS12,BP12,BM12,BJ12,BG12,BD12,BA12,AX12,AU12,AR12,AO12,AL12,AI12,AF12,AC12,Z12,W12,T12,Q12,N12,K12,CT12) -> 0 | DE12: =COUNTA(CX12,CR12,CO12,CL12,CI12,CC12,CF12,BZ12,BW12,BT12,BQ12,BN12,BK12,BH12,BE12,BB12,AY12,AV12,AS12,AP12,AM12,AJ12,AG12,AD12,AA12,X12,U12,R12,O12,L12,CU12) -> 0 | DF12: =COUNTA(CY12,CS12,CP12,CM12,CJ12,CD12,CG12,CA12,BX12,BU12,BR12,BO12,BL12,BI12,BF12,BC12,AZ12,AW12,AT12,AQ12,AN12,AK12,AH12,AE12,AB12,Y12,V12,S12,P12,M12,CV12) -> 0 | DH12: =MAX($CN$2:$CY$2)-DD12 -> 31 | DI12: =MAX($CN$2:$CY$2)-DE12 -> 31 | DJ12: =MAX($CN$2:$CY$2)-DF12 -> 31
A13: 9 | B13: =IF(C13<>F13,"?","") | C13: 6A | E13: 9 | F13: 6A | G13: 2007771303 | J13: Kon Sa Mỹ Lệ | DD13: =COUNTA(CW13,CQ13,CN13,CK13,CH13,CB13,CE13,BY13,BV13,BS13,BP13,BM13,BJ13,BG13,BD13,BA13,AX13,AU13,AR13,AO13,AL13,AI13,AF13,AC13,Z13,W13,T13,Q13,N13,K13,CT13) -> 0 | DE13: =COUNTA(CX13,CR13,CO13,CL13,CI13,CC13,CF13,BZ13,BW13,BT13,BQ13,BN13,BK13,BH13,BE13,BB13,AY13,AV13,AS13,AP13,AM13,AJ13,AG13,AD13,AA13,X13,U13,R13,O13,L13,CU13) -> 0 | DF13: =COUNTA(CY13,CS13,CP13,CM13,CJ13,CD13,CG13,CA13,BX13,BU13,BR13,BO13,BL13,BI13,BF13,BC13,AZ13,AW13,AT13,AQ13,AN13,AK13,AH13,AE13,AB13,Y13,V13,S13,P13,M13,CV13) -> 0 | DH13: =MAX($CN$2:$CY$2)-DD13 -> 31 | DI13: =MAX($CN$2:$CY$2)-DE13 -> 31 | DJ13: =MAX($CN$2:$CY$2)-DF13 -> 31
A14: 10 | B14: =IF(C14<>F14,"?","") | C14: 6A | E14: 10 | F14: 6A | G14: 2005987566 | J14: Rơ Ông K' Lộc | DD14: =COUNTA(CW14,CQ14,CN14,CK14,CH14,CB14,CE14,BY14,BV14,BS14,BP14,BM14,BJ14,BG14,BD14,BA14,AX14,AU14,AR14,AO14,AL14,AI14,AF14,AC14,Z14,W14,T14,Q14,N14,K14,CT14) -> 0 | DE14: =COUNTA(CX14,CR14,CO14,CL14,CI14,CC14,CF14,BZ14,BW14,BT14,BQ14,BN14,BK14,BH14,BE14,BB14,AY14,AV14,AS14,AP14,AM14,AJ14,AG14,AD14,AA14,X14,U14,R14,O14,L14,CU14) -> 0 | DF14: =COUNTA(CY14,CS14,CP14,CM14,CJ14,CD14,CG14,CA14,BX14,BU14,BR14,BO14,BL14,BI14,BF14,BC14,AZ14,AW14,AT14,AQ14,AN14,AK14,AH14,AE14,AB14,Y14,V14,S14,P14,M14,CV14) -> 0 | DH14: =MAX($CN$2:$CY$2)-DD14 -> 31 | DI14: =MAX($CN$2:$CY$2)-DE14 -> 31 | DJ14: =MAX($CN$2:$CY$2)-DF14 -> 31
A15: 11 | B15: =IF(C15<>F15,"?","") | C15: 6A | E15: 11 | F15: 6A | G15: 2005929465 | J15: Rơ Ông Kim Luôn | DD15: =COUNTA(CW15,CQ15,CN15,CK15,CH15,CB15,CE15,BY15,BV15,BS15,BP15,BM15,BJ15,BG15,BD15,BA15,AX15,AU15,AR15,AO15,AL15,AI15,AF15,AC15,Z15,W15,T15,Q15,N15,K15,CT15) -> 0 | DE15: =COUNTA(CX15,CR15,CO15,CL15,CI15,CC15,CF15,BZ15,BW15,BT15,BQ15,BN15,BK15,BH15,BE15,BB15,AY15,AV15,AS15,AP15,AM15,AJ15,AG15,AD15,AA15,X15,U15,R15,O15,L15,CU15) -> 0 | DF15: =COUNTA(CY15,CS15,CP15,CM15,CJ15,CD15,CG15,CA15,BX15,BU15,BR15,BO15,BL15,BI15,BF15,BC15,AZ15,AW15,AT15,AQ15,AN15,AK15,AH15,AE15,AB15,Y15,V15,S15,P15,M15,CV15) -> 0 | DH15: =MAX($CN$2:$CY$2)-DD15 -> 31 | DI15: =MAX($CN$2:$CY$2)-DE15 -> 31 | DJ15: =MAX($CN$2:$CY$2)-DF15 -> 31
A16: 12 | B16: =IF(C16<>F16,"?","") | C16: 6A | E16: 12 | F16: 6A | G16: 2005929092 | J16: Rơ Ông K' Mã | DD16: =COUNTA(CW16,CQ16,CN16,CK16,CH16,CB16,CE16,BY16,BV16,BS16,BP16,BM16,BJ16,BG16,BD16,BA16,AX16,AU16,AR16,AO16,AL16,AI16,AF16,AC16,Z16,W16,T16,Q16,N16,K16,CT16) -> 0 | DE16: =COUNTA(CX16,CR16,CO16,CL16,CI16,CC16,CF16,BZ16,BW16,BT16,BQ16,BN16,BK16,BH16,BE16,BB16,AY16,AV16,AS16,AP16,AM16,AJ16,AG16,AD16,AA16,X16,U16,R16,O16,L16,CU16) -> 0 | DF16: =COUNTA(CY16,CS16,CP16,CM16,CJ16,CD16,CG16,CA16,BX16,BU16,BR16,BO16,BL16,BI16,BF16,BC16,AZ16,AW16,AT16,AQ16,AN16,AK16,AH16,AE16,AB16,Y16,V16,S16,P16,M16,CV16) -> 0 | DH16: =MAX($CN$2:$CY$2)-DD16 -> 31 | DI16: =MAX($CN$2:$CY$2)-DE16 -> 31 | DJ16: =MAX($CN$2:$CY$2)-DF16 -> 31
... A46: 41 | B46: =IF(C46<>F46,"?","") | C46: 6B | E46: 13 | F46: 6B | G46: 2007269046 | J46: Cil Múp Kê Ly | DD46: =COUNTA(CW46,CQ46,CN46,CK46,CH46,CB46,CE46,BY46,BV46,BS46,BP46,BM46,BJ46,BG46,BD46,BA46,AX46,AU46,AR46,AO46,AL46,AI46,AF46,AC46,Z46,W46,T46,Q46,N46,K46,CT46) -> 0 | DE46: =COUNTA(CX46,CR46,CO46,CL46,CI46,CC46,CF46,BZ46,BW46,BT46,BQ46,BN46,BK46,BH46,BE46,BB46,AY46,AV46,AS46,AP46,AM46,AJ46,AG46,AD46,AA46,X46,U46,R46,O46,L46,CU46) -> 0 | DF46: =COUNTA(CY46,CS46,CP46,CM46,CJ46,CD46,CG46,CA46,BX46,BU46,BR46,BO46,BL46,BI46,BF46,BC46,AZ46,AW46,AT46,AQ46,AN46,AK46,AH46,AE46,AB46,Y46,V46,S46,P46,M46,CV46) -> 0 | DH46: =MAX($CN$2:$CY$2)-DD46 -> 31 | DI46: =MAX($CN$2:$CY$2)-DE46 -> 31 | DJ46: =MAX($CN$2:$CY$2)-DF46 -> 31
A47: 42 | B47: =IF(C47<>F47,"?","") | C47: 6B | E47: 14 | F47: 6B | G47: 2007104103 | J47: Bonnơr Thảo Mi | K47: vn | L47: vn | DD47: =COUNTA(CW47,CQ47,CN47,CK47,CH47,CB47,CE47,BY47,BV47,BS47,BP47,BM47,BJ47,BG47,BD47,BA47,AX47,AU47,AR47,AO47,AL47,AI47,AF47,AC47,Z47,W47,T47,Q47,N47,K47,CT47) -> 1 | DE47: =COUNTA(CX47,CR47,CO47,CL47,CI47,CC47,CF47,BZ47,BW47,BT47,BQ47,BN47,BK47,BH47,BE47,BB47,AY47,AV47,AS47,AP47,AM47,AJ47,AG47,AD47,AA47,X47,U47,R47,O47,L47,CU47) -> 1 | DF47: =COUNTA(CY47,CS47,CP47,CM47,CJ47,CD47,CG47,CA47,BX47,BU47,BR47,BO47,BL47,BI47,BF47,BC47,AZ47,AW47,AT47,AQ47,AN47,AK47,AH47,AE47,AB47,Y47,V47,S47,P47,M47,CV47) -> 0 | DH47: =MAX($CN$2:$CY$2)-DD47 -> 30 | DI47: =MAX($CN$2:$CY$2)-DE47 -> 30 | DJ47: =MAX($CN$2:$CY$2)-DF47 -> 31
DD48: =COUNTA(CW48,CQ48,CN48,CK48,CH48,CB48,CE48,BY48,BV48,BS48,BP48,BM48,BJ48,BG48,BD48,BA48,AX48,AU48,AR48,AO48,AL48,AI48,AF48,AC48,Z48,W48,T48,Q48,N48,K48,CT48) -> 0 | DE48: =COUNTA(CX48,CR48,CO48,CL48,CI48,CC48,CF48,BZ48,BW48,BT48,BQ48,BN48,BK48,BH48,BE48,BB48,AY48,AV48,AS48,AP48,AM48,AJ48,AG48,AD48,AA48,X48,U48,R48,O48,L48,CU48) -> 0 | DF48: =COUNTA(CY48,CS48,CP48,CM48,CJ48,CD48,CG48,CA48,BX48,BU48,BR48,BO48,BL48,BI48,BF48,BC48,AZ48,AW48,AT48,AQ48,AN48,AK48,AH48,AE48,AB48,Y48,V48,S48,P48,M48,CV48) -> 0 | DH48: =MAX($CN$2:$CY$2)-DD48 -> 31 | DI48: =MAX($CN$2:$CY$2)-DE48 -> 31 | DJ48: =MAX($CN$2:$CY$2)-DF48 -> 31
A49: 44 | B49: =IF(C49<>F49,"?","") | C49: 6B | E49: 16 | F49: 6B | G49: 2007265923 | J49: Kon Sơ Ly Na | DD49: =COUNTA(CW49,CQ49,CN49,CK49,CH49,CB49,CE49,BY49,BV49,BS49,BP49,BM49,BJ49,BG49,BD49,BA49,AX49,AU49,AR49,AO49,AL49,AI49,AF49,AC49,Z49,W49,T49,Q49,N49,K49,CT49) -> 0 | DE49: =COUNTA(CX49,CR49,CO49,CL49,CI49,CC49,CF49,BZ49,BW49,BT49,BQ49,BN49,BK49,BH49,BE49,BB49,AY49,AV49,AS49,AP49,AM49,AJ49,AG49,AD49,AA49,X49,U49,R49,O49,L49,CU49) -> 0 | DF49: =COUNTA(CY49,CS49,CP49,CM49,CJ49,CD49,CG49,CA49,BX49,BU49,BR49,BO49,BL49,BI49,BF49,BC49,AZ49,AW49,AT49,AQ49,AN49,AK49,AH49,AE49,AB49,Y49,V49,S49,P49,M49,CV49) -> 0 | DH49: =MAX($CN$2:$CY$2)-DD49 -> 31 | DI49: =MAX($CN$2:$CY$2)-DE49 -> 31 | DJ49: =MAX($CN$2:$CY$2)-DF49 -> 31
A50: 45 | B50: =IF(C50<>F50,"?","") | C50: 6B | E50: 17 | F50: 6B | G50: 2007861497 | J50: Sơ Ao Su Nét | DD50: =COUNTA(CW50,CQ50,CN50,CK50,CH50,CB50,CE50,BY50,BV50,BS50,BP50,BM50,BJ50,BG50,BD50,BA50,AX50,AU50,AR50,AO50,AL50,AI50,AF50,AC50,Z50,W50,T50,Q50,N50,K50,CT50) -> 0 | DE50: =COUNTA(CX50,CR50,CO50,CL50,CI50,CC50,CF50,BZ50,BW50,BT50,BQ50,BN50,BK50,BH50,BE50,BB50,AY50,AV50,AS50,AP50,AM50,AJ50,AG50,AD50,AA50,X50,U50,R50,O50,L50,CU50) -> 0 | DF50: =COUNTA(CY50,CS50,CP50,CM50,CJ50,CD50,CG50,CA50,BX50,BU50,BR50,BO50,BL50,BI50,BF50,BC50,AZ50,AW50,AT50,AQ50,AN50,AK50,AH50,AE50,AB50,Y50,V50,S50,P50,M50,CV50) -> 0 | DH50: =MAX($CN$2:$CY$2)-DD50 -> 31 | DI50: =MAX($CN$2:$CY$2)-DE50 -> 31 | DJ50: =MAX($CN$2:$CY$2)-DF50 -> 31
A51: 46 | B51: =IF(C51<>F51,"?","") | C51: 6B | E51: 18 | F51: 6B | G51: 2006153301 | J51: Kơ Să Phương Nghi | DD51: =COUNTA(CW51,CQ51,CN51,CK51,CH51,CB51,CE51,BY51,BV51,BS51,BP51,BM51,BJ51,BG51,BD51,BA51,AX51,AU51,AR51,AO51,AL51,AI51,AF51,AC51,Z51,W51,T51,Q51,N51,K51,CT51) -> 0 | DE51: =COUNTA(CX51,CR51,CO51,CL51,CI51,CC51,CF51,BZ51,BW51,BT51,BQ51,BN51,BK51,BH51,BE51,BB51,AY51,AV51,AS51,AP51,AM51,AJ51,AG51,AD51,AA51,X51,U51,R51,O51,L51,CU51) -> 0 | DF51: =COUNTA(CY51,CS51,CP51,CM51,CJ51,CD51,CG51,CA51,BX51,BU51,BR51,BO51,BL51,BI51,BF51,BC51,AZ51,AW51,AT51,AQ51,AN51,AK51,AH51,AE51,AB51,Y51,V51,S51,P51,M51,CV51) -> 0 | DH51: =MAX($CN$2:$CY$2)-DD51 -> 31 | DI51: =MAX($CN$2:$CY$2)-DE51 -> 31 | DJ51: =MAX($CN$2:$CY$2)-DF51 -> 31
A52: 47 | B52: =IF(C52<>F52,"?","") | C52: 6B | E52: 19 | F52: 6B | G52: 2005985964 | J52: Liêng Hót Khánh Ngọc | DD52: =COUNTA(CW52,CQ52,CN52,CK52,CH52,CB52,CE52,BY52,BV52,BS52,BP52,BM52,BJ52,BG52,BD52,BA52,AX52,AU52,AR52,AO52,AL52,AI52,AF52,AC52,Z52,W52,T52,Q52,N52,K52,CT52) -> 0 | DE52: =COUNTA(CX52,CR52,CO52,CL52,CI52,CC52,CF52,BZ52,BW52,BT52,BQ52,BN52,BK52,BH52,BE52,BB52,AY52,AV52,AS52,AP52,AM52,AJ52,AG52,AD52,AA52,X52,U52,R52,O52,L52,CU52) -> 0 | DF52: =COUNTA(CY52,CS52,CP52,CM52,CJ52,CD52,CG52,CA52,BX52,BU52,BR52,BO52,BL52,BI52,BF52,BC52,AZ52,AW52,AT52,AQ52,AN52,AK52,AH52,AE52,AB52,Y52,V52,S52,P52,M52,CV52) -> 0 | DH52: =MAX($CN$2:$CY$2)-DD52 -> 31 | DI52: =MAX($CN$2:$CY$2)-DE52 -> 31 | DJ52: =MAX($CN$2:$CY$2)-DF52 -> 31
A53: 48 | B53: =IF(C53<>F53,"?","") | C53: 6B | E53: 20 | F53: 6B | G53: 2005926081 | J53: Ka Să Sa Nia | DD53: =COUNTA(CW53,CQ53,CN53,CK53,CH53,CB53,CE53,BY53,BV53,BS53,BP53,BM53,BJ53,BG53,BD53,BA53,AX53,AU53,AR53,AO53,AL53,AI53,AF53,AC53,Z53,W53,T53,Q53,N53,K53,CT53) -> 0 | DE53: =COUNTA(CX53,CR53,CO53,CL53,CI53,CC53,CF53,BZ53,BW53,BT53,BQ53,BN53,BK53,BH53,BE53,BB53,AY53,AV53,AS53,AP53,AM53,AJ53,AG53,AD53,AA53,X53,U53,R53,O53,L53,CU53) -> 0 | DF53: =COUNTA(CY53,CS53,CP53,CM53,CJ53,CD53,CG53,CA53,BX53,BU53,BR53,BO53,BL53,BI53,BF53,BC53,AZ53,AW53,AT53,AQ53,AN53,AK53,AH53,AE53,AB53,Y53,V53,S53,P53,M53,CV53) -> 0 | DH53: =MAX($CN$2:$CY$2)-DD53 -> 31 | DI53: =MAX($CN$2:$CY$2)-DE53 -> 31 | DJ53: =MAX($CN$2:$CY$2)-DF53 -> 31
A54: 49 | B54: =IF(C54<>F54,"?","") | C54: 6B | E54: 20 | F54: 6B | G54: 2006028162 | J54: Rơ Ông E Rin | K54: vn | L54: vn | DD54: =COUNTA(CW54,CQ54,CN54,CK54,CH54,CB54,CE54,BY54,BV54,BS54,BP54,BM54,BJ54,BG54,BD54,BA54,AX54,AU54,AR54,AO54,AL54,AI54,AF54,AC54,Z54,W54,T54,Q54,N54,K54,CT54) -> 1 | DE54: =COUNTA(CX54,CR54,CO54,CL54,CI54,CC54,CF54,BZ54,BW54,BT54,BQ54,BN54,BK54,BH54,BE54,BB54,AY54,AV54,AS54,AP54,AM54,AJ54,AG54,AD54,AA54,X54,U54,R54,O54,L54,CU54) -> 1 | DF54: =COUNTA(CY54,CS54,CP54,CM54,CJ54,CD54,CG54,CA54,BX54,BU54,BR54,BO54,BL54,BI54,BF54,BC54,AZ54,AW54,AT54,AQ54,AN54,AK54,AH54,AE54,AB54,Y54,V54,S54,P54,M54,CV54) -> 0 | DH54: =MAX($CN$2:$CY$2)-DD54 -> 30 | DI54: =MAX($CN$2:$CY$2)-DE54 -> 30 | DJ54: =MAX($CN$2:$CY$2)-DF54 -> 31
A55: 50 | B55: =IF(C55<>F55,"?","") | C55: 6B | E55: 21 | F55: 6B | G55: 2009200511 | J55: Da Gout Saphy | DD55: =COUNTA(CW55,CQ55,CN55,CK55,CH55,CB55,CE55,BY55,BV55,BS55,BP55,BM55,BJ55,BG55,BD55,BA55,AX55,AU55,AR55,AO55,AL55,AI55,AF55,AC55,Z55,W55,T55,Q55,N55,K55,CT55) -> 0 | DE55: =COUNTA(CX55,CR55,CO55,CL55,CI55,CC55,CF55,BZ55,BW55,BT55,BQ55,BN55,BK55,BH55,BE55,BB55,AY55,AV55,AS55,AP55,AM55,AJ55,AG55,AD55,AA55,X55,U55,R55,O55,L55,CU55) -> 0 | DF55: =COUNTA(CY55,CS55,CP55,CM55,CJ55,CD55,CG55,CA55,BX55,BU55,BR55,BO55,BL55,BI55,BF55,BC55,AZ55,AW55,AT55,AQ55,AN55,AK55,AH55,AE55,AB55,Y55,V55,S55,P55,M55,CV55) -> 0 | DH55: =MAX($CN$2:$CY$2)-DD55 -> 31 | DI55: =MAX($CN$2:$CY$2)-DE55 -> 31 | DJ55: =MAX($CN$2:$CY$2)-DF55 -> 31
A56: 51 | B56: =IF(C56<>F56,"?","") | C56: 6B | E56: 22 | F56: 6B | G56: 2007266634 | J56: Kon Sa Ki Te | DD56: =COUNTA(CW56,CQ56,CN56,CK56,CH56,CB56,CE56,BY56,BV56,BS56,BP56,BM56,BJ56,BG56,BD56,BA56,AX56,AU56,AR56,AO56,AL56,AI56,AF56,AC56,Z56,W56,T56,Q56,N56,K56,CT56) -> 0 | DE56: =COUNTA(CX56,CR56,CO56,CL56,CI56,CC56,CF56,BZ56,BW56,BT56,BQ56,BN56,BK56,BH56,BE56,BB56,AY56,AV56,AS56,AP56,AM56,AJ56,AG56,AD56,AA56,X56,U56,R56,O56,L56,CU56) -> 0 | DF56: =COUNTA(CY56,CS56,CP56,CM56,CJ56,CD56,CG56,CA56,BX56,BU56,BR56,BO56,BL56,BI56,BF56,BC56,AZ56,AW56,AT56,AQ56,AN56,AK56,AH56,AE56,AB56,Y56,V56,S56,P56,M56,CV56) -> 0 | DH56: =MAX($CN$2:$CY$2)-DD56 -> 31 | DI56: =MAX($CN$2:$CY$2)-DE56 -> 31 | DJ56: =MAX($CN$2:$CY$2)-DF56 -> 31
A57: 52 | B57: =IF(C57<>F57,"?","") | C57: 6B | E57: 23 | F57: 6B | G57: 2005918394 | J57: Cil Múp Ê Sơ Tê | DD57: =COUNTA(CW57,CQ57,CN57,CK57,CH57,CB57,CE57,BY57,BV57,BS57,BP57,BM57,BJ57,BG57,BD57,BA57,AX57,AU57,AR57,AO57,AL57,AI57,AF57,AC57,Z57,W57,T57,Q57,N57,K57,CT57) -> 0 | DE57: =COUNTA(CX57,CR57,CO57,CL57,CI57,CC57,CF57,BZ57,BW57,BT57,BQ57,BN57,BK57,BH57,BE57,BB57,AY57,AV57,AS57,AP57,AM57,AJ57,AG57,AD57,AA57,X57,U57,R57,O57,L57,CU57) -> 0 | DF57: =COUNTA(CY57,CS57,CP57,CM57,CJ57,CD57,CG57,CA57,BX57,BU57,BR57,BO57,BL57,BI57,BF57,BC57,AZ57,AW57,AT57,AQ57,AN57,AK57,AH57,AE57,AB57,Y57,V57,S57,P57,M57,CV57) -> 0 | DH57: =MAX($CN$2:$CY$2)-DD57 -> 31 | DI57: =MAX($CN$2:$CY$2)-DE57 -> 31 | DJ57: =MAX($CN$2:$CY$2)-DF57 -> 31
A58: 53 | B58: =IF(C58<>F58,"?","") | C58: 6B | E58: 24 | F58: 6B | G58: 2007278678 | J58: Cil Nhất Thùy | DD58: =COUNTA(CW58,CQ58,CN58,CK58,CH58,CB58,CE58,BY58,BV58,BS58,BP58,BM58,BJ58,BG58,BD58,BA58,AX58,AU58,AR58,AO58,AL58,AI58,AF58,AC58,Z58,W58,T58,Q58,N58,K58,CT58) -> 0 | DE58: =COUNTA(CX58,CR58,CO58,CL58,CI58,CC58,CF58,BZ58,BW58,BT58,BQ58,BN58,BK58,BH58,BE58,BB58,AY58,AV58,AS58,AP58,AM58,AJ58,AG58,AD58,AA58,X58,U58,R58,O58,L58,CU58) -> 0 | DF58: =COUNTA(CY58,CS58,CP58,CM58,CJ58,CD58,CG58,CA58,BX58,BU58,BR58,BO58,BL58,BI58,BF58,BC58,AZ58,AW58,AT58,AQ58,AN58,AK58,AH58,AE58,AB58,Y58,V58,S58,P58,M58,CV58) -> 0 | DH58: =MAX($CN$2:$CY$2)-DD58 -> 31 | DI58: =MAX($CN$2:$CY$2)-DE58 -> 31 | DJ58: =MAX($CN$2:$CY$2)-DF58 -> 31
A59: 55 | B59: =IF(C59<>F59,"?","") | C59: 6B | E59: 25 | F59: 6B | G59: 2007282101 | J59: Kon Sa Trần Huyền Trang | DD59: =COUNTA(CW59,CQ59,CN59,CK59,CH59,CB59,CE59,BY59,BV59,BS59,BP59,BM59,BJ59,BG59,BD59,BA59,AX59,AU59,AR59,AO59,AL59,AI59,AF59,AC59,Z59,W59,T59,Q59,N59,K59,CT59) -> 0 | DE59: =COUNTA(CX59,CR59,CO59,CL59,CI59,CC59,CF59,BZ59,BW59,BT59,BQ59,BN59,BK59,BH59,BE59,BB59,AY59,AV59,AS59,AP59,AM59,AJ59,AG59,AD59,AA59,X59,U59,R59,O59,L59,CU59) -> 0 | DF59: =COUNTA(CY59,CS59,CP59,CM59,CJ59,CD59,CG59,CA59,BX59,BU59,BR59,BO59,BL59,BI59,BF59,BC59,AZ59,AW59,AT59,AQ59,AN59,AK59,AH59,AE59,AB59,Y59,V59,S59,P59,M59,CV59) -> 0 | DH59: =MAX($CN$2:$CY$2)-DD59 -> 31 | DI59: =MAX($CN$2:$CY$2)-DE59 -> 31 | DJ59: =MAX($CN$2:$CY$2)-DF59 -> 31
A60: 57 | B60: =IF(C60<>F60,"?","") | C60: 6B | E60: 26 | F60: 6B | G60: 2007245142 | J60: Da Cat Đô Yan | DD60: =COUNTA(CW60,CQ60,CN60,CK60,CH60,CB60,CE60,BY60,BV60,BS60,BP60,BM60,BJ60,BG60,BD60,BA60,AX60,AU60,AR60,AO60,AL60,AI60,AF60,AC60,Z60,W60,T60,Q60,N60,K60,CT60) -> 0 | DE60: =COUNTA(CX60,CR60,CO60,CL60,CI60,CC60,CF60,BZ60,BW60,BT60,BQ60,BN60,BK60,BH60,BE60,BB60,AY60,AV60,AS60,AP60,AM60,AJ60,AG60,AD60,AA60,X60,U60,R60,O60,L60,CU60) -> 0 | DF60: =COUNTA(CY60,CS60,CP60,CM60,CJ60,CD60,CG60,CA60,BX60,BU60,BR60,BO60,BL60,BI60,BF60,BC60,AZ60,AW60,AT60,AQ60,AN60,AK60,AH60,AE60,AB60,Y60,V60,S60,P60,M60,CV60) -> 0 | DH60: =MAX($CN$2:$CY$2)-DD60 -> 31 | DI60: =MAX($CN$2:$CY$2)-DE60 -> 31 | DJ60: =MAX($CN$2:$CY$2)-DF60 -> 31
A61: 58 | B61: =IF(C61<>F61,"?","") | C61: 7A | F61: 7A | G61: 2003011968 | H61: 6870987192 | J61: Kră Jẵn Da Lia A | DD61: =COUNTA(CW61,CQ61,CN61,CK61,CH61,CB61,CE61,BY61,BV61,BS61,BP61,BM61,BJ61,BG61,BD61,BA61,AX61,AU61,AR61,AO61,AL61,AI61,AF61,AC61,Z61,W61,T61,Q61,N61,K61,CT61) -> 0 | DE61: =COUNTA(CX61,CR61,CO61,CL61,CI61,CC61,CF61,BZ61,BW61,BT61,BQ61,BN61,BK61,BH61,BE61,BB61,AY61,AV61,AS61,AP61,AM61,AJ61,AG61,AD61,AA61,X61,U61,R61,O61,L61,CU61) -> 0 | DF61: =COUNTA(CY61,CS61,CP61,CM61,CJ61,CD61,CG61,CA61,BX61,BU61,BR61,BO61,BL61,BI61,BF61,BC61,AZ61,AW61,AT61,AQ61,AN61,AK61,AH61,AE61,AB61,Y61,V61,S61,P61,M61,CV61) -> 0 | DH61: =MAX($CN$2:$CY$2)-DD61 -> 31 | DI61: =MAX($CN$2:$CY$2)-DE61 -> 31 | DJ61: =MAX($CN$2:$CY$2)-DF61 -> 31
A62: 59 | B62: =IF(C62<>F62,"?","") | C62: 7A | F62: 7A | G62: 2007266660 | H62: 6839557963 | J62: Da Góut Lê An | DD62: =COUNTA(CW62,CQ62,CN62,CK62,CH62,CB62,CE62,BY62,BV62,BS62,BP62,BM62,BJ62,BG62,BD62,BA62,AX62,AU62,AR62,AO62,AL62,AI62,AF62,AC62,Z62,W62,T62,Q62,N62,K62,CT62) -> 0 | DE62: =COUNTA(CX62,CR62,CO62,CL62,CI62,CC62,CF62,BZ62,BW62,BT62,BQ62,BN62,BK62,BH62,BE62,BB62,AY62,AV62,AS62,AP62,AM62,AJ62,AG62,AD62,AA62,X62,U62,R62,O62,L62,CU62) -> 0 | DF62: =COUNTA(CY62,CS62,CP62,CM62,CJ62,CD62,CG62,CA62,BX62,BU62,BR62,BO62,BL62,BI62,BF62,BC62,AZ62,AW62,AT62,AQ62,AN62,AK62,AH62,AE62,AB62,Y62,V62,S62,P62,M62,CV62) -> 0 | DH62: =MAX($CN$2:$CY$2)-DD62 -> 31 | DI62: =MAX($CN$2:$CY$2)-DE62 -> 31 | DJ62: =MAX($CN$2:$CY$2)-DF62 -> 31
A63: 60 | B63: =IF(C63<>F63,"?","") | C63: 7A | F63: 7A | G63: 2003016149 | H63: 6884337059 | J63: Ntôl Bùi Thiên Ân | DD63: =COUNTA(CW63,CQ63,CN63,CK63,CH63,CB63,CE63,BY63,BV63,BS63,BP63,BM63,BJ63,BG63,BD63,BA63,AX63,AU63,AR63,AO63,AL63,AI63,AF63,AC63,Z63,W63,T63,Q63,N63,K63,CT63) -> 0 | DE63: =COUNTA(CX63,CR63,CO63,CL63,CI63,CC63,CF63,BZ63,BW63,BT63,BQ63,BN63,BK63,BH63,BE63,BB63,AY63,AV63,AS63,AP63,AM63,AJ63,AG63,AD63,AA63,X63,U63,R63,O63,L63,CU63) -> 0 | DF63: =COUNTA(CY63,CS63,CP63,CM63,CJ63,CD63,CG63,CA63,BX63,BU63,BR63,BO63,BL63,BI63,BF63,BC63,AZ63,AW63,AT63,AQ63,AN63,AK63,AH63,AE63,AB63,Y63,V63,S63,P63,M63,CV63) -> 0 | DH63: =MAX($CN$2:$CY$2)-DD63 -> 31 | DI63: =MAX($CN$2:$CY$2)-DE63 -> 31 | DJ63: =MAX($CN$2:$CY$2)-DF63 -> 31
A64: 61 | B64: =IF(C64<>F64,"?","") | C64: 7A | F64: 7A | G64: 2003015070 | H64: 6884337061 | J64: Kơ Să Catherine | DD64: =COUNTA(CW64,CQ64,CN64,CK64,CH64,CB64,CE64,BY64,BV64,BS64,BP64,BM64,BJ64,BG64,BD64,BA64,AX64,AU64,AR64,AO64,AL64,AI64,AF64,AC64,Z64,W64,T64,Q64,N64,K64,CT64) -> 0 | DE64: =COUNTA(CX64,CR64,CO64,CL64,CI64,CC64,CF64,BZ64,BW64,BT64,BQ64,BN64,BK64,BH64,BE64,BB64,AY64,AV64,AS64,AP64,AM64,AJ64,AG64,AD64,AA64,X64,U64,R64,O64,L64,CU64) -> 0 | DF64: =COUNTA(CY64,CS64,CP64,CM64,CJ64,CD64,CG64,CA64,BX64,BU64,BR64,BO64,BL64,BI64,BF64,BC64,AZ64,AW64,AT64,AQ64,AN64,AK64,AH64,AE64,AB64,Y64,V64,S64,P64,M64,CV64) -> 0 | DH64: =MAX($CN$2:$CY$2)-DD64 -> 31 | DI64: =MAX($CN$2:$CY$2)-DE64 -> 31 | DJ64: =MAX($CN$2:$CY$2)-DF64 -> 31
A65: 62 | B65: =IF(C65<>F65,"?","") | C65: 7A | F65: 7A | G65: 2003007509 | H65: 6884337062 | J65: Kon Sơ Minh Châu | DD65: =COUNTA(CW65,CQ65,CN65,CK65,CH65,CB65,CE65,BY65,BV65,BS65,BP65,BM65,BJ65,BG65,BD65,BA65,AX65,AU65,AR65,AO65,AL65,AI65,AF65,AC65,Z65,W65,T65,Q65,N65,K65,CT65) -> 0 | DE65: =COUNTA(CX65,CR65,CO65,CL65,CI65,CC65,CF65,BZ65,BW65,BT65,BQ65,BN65,BK65,BH65,BE65,BB65,AY65,AV65,AS65,AP65,AM65,AJ65,AG65,AD65,AA65,X65,U65,R65,O65,L65,CU65) -> 0 | DF65: =COUNTA(CY65,CS65,CP65,CM65,CJ65,CD65,CG65,CA65,BX65,BU65,BR65,BO65,BL65,BI65,BF65,BC65,AZ65,AW65,AT65,AQ65,AN65,AK65,AH65,AE65,AB65,Y65,V65,S65,P65,M65,CV65) -> 0 | DH65: =MAX($CN$2:$CY$2)-DD65 -> 31 | DI65: =MAX($CN$2:$CY$2)-DE65 -> 31 | DJ65: =MAX($CN$2:$CY$2)-DF65 -> 31
A66: 63 | B66: =IF(C66<>F66,"?","") | C66: 7A | F66: 7A | G66: 2007266667 | H66: 6839561127 | J66: Cil Múp La Dy | DD66: =COUNTA(CW66,CQ66,CN66,CK66,CH66,CB66,CE66,BY66,BV66,BS66,BP66,BM66,BJ66,BG66,BD66,BA66,AX66,AU66,AR66,AO66,AL66,AI66,AF66,AC66,Z66,W66,T66,Q66,N66,K66,CT66) -> 0 | DE66: =COUNTA(CX66,CR66,CO66,CL66,CI66,CC66,CF66,BZ66,BW66,BT66,BQ66,BN66,BK66,BH66,BE66,BB66,AY66,AV66,AS66,AP66,AM66,AJ66,AG66,AD66,AA66,X66,U66,R66,O66,L66,CU66) -> 0 | DF66: =COUNTA(CY66,CS66,CP66,CM66,CJ66,CD66,CG66,CA66,BX66,BU66,BR66,BO66,BL66,BI66,BF66,BC66,AZ66,AW66,AT66,AQ66,AN66,AK66,AH66,AE66,AB66,Y66,V66,S66,P66,M66,CV66) -> 0 | DH66: =MAX($CN$2:$CY$2)-DD66 -> 31 | DI66: =MAX($CN$2:$CY$2)-DE66 -> 31 | DJ66: =MAX($CN$2:$CY$2)-DF66 -> 31
A67: 64 | B67: =IF(C67<>F67,"?","") | C67: 7A | F67: 7A | G67: 2003014813 | H67: 6857524934 | J67: Kơ Să Hê Grin | DD67: =COUNTA(CW67,CQ67,CN67,CK67,CH67,CB67,CE67,BY67,BV67,BS67,BP67,BM67,BJ67,BG67,BD67,BA67,AX67,AU67,AR67,AO67,Q67,N67,AF67,AC67,Z67,W67,T67,#REF!,#REF!,K67,CT67) -> 2 | DE67: =COUNTA(CX67,CR67,CO67,CL67,CI67,CC67,CF67,BZ67,BW67,BT67,BQ67,BN67,BK67,BH67,BE67,BB67,AY67,AV67,AS67,AP67,AM67,O67,AG67,AD67,AA67,X67,U67,R67,#REF!,L67,CU67) -> 1 | DF67: =COUNTA(CY67,CS67,CP67,CM67,CJ67,CD67,CG67,CA67,BX67,BU67,BR67,BO67,BL67,BI67,BF67,BC67,AZ67,AW67,AT67,AQ67,AN67,P67,AH67,AE67,AB67,Y67,V67,S67,#REF!,M67,CV67) -> 1 | DH67: =MAX($CN$2:$CY$2)-DD67 -> 29 | DI67: =MAX($CN$2:$CY$2)-DE67 -> 30 | DJ67: =MAX($CN$2:$CY$2)-DF67 -> 30
A68: 65 | B68: =IF(C68<>F68,"?","") | C68: 7A | F68: 7A | G68: 2003016195 | H68: 6884337063 | J68: Dơng Gur Si Kha | DD68: =COUNTA(CW68,CQ68,CN68,CK68,CH68,CB68,CE68,BY68,BV68,BS68,BP68,BM68,BJ68,BG68,BD68,BA68,AX68,AU68,AR68,AO68,Q68,N68,AF68,AC68,Z68,W68,T68,#REF!,#REF!,K68,CT68) -> 2 | DE68: =COUNTA(CX68,CR68,CO68,CL68,CI68,CC68,CF68,BZ68,BW68,BT68,BQ68,BN68,BK68,BH68,BE68,BB68,AY68,AV68,AS68,AP68,AM68,O68,AG68,AD68,AA68,X68,U68,R68,#REF!,L68,CU68) -> 1 | DF68: =COUNTA(CY68,CS68,CP68,CM68,CJ68,CD68,CG68,CA68,BX68,BU68,BR68,BO68,BL68,BI68,BF68,BC68,AZ68,AW68,AT68,AQ68,AN68,P68,AH68,AE68,AB68,Y68,V68,S68,#REF!,M68,CV68) -> 1 | DH68: =MAX($CN$2:$CY$2)-DD68 -> 29 | DI68: =MAX($CN$2:$CY$2)-DE68 -> 30 | DJ68: =MAX($CN$2:$CY$2)-DF68 -> 30
A69: 66 | B69: =IF(C69<>F69,"?","") | C69: 7A | F69: 7A | G69: 2003007491 | H69: 6878019274 | J69: Kơ Să Nông Tiến Khoa | DD69: =COUNTA(CW69,CQ69,CN69,CK69,CH69,CB69,CE69,BY69,BV69,BS69,BP69,BM69,BJ69,BG69,BD69,BA69,AX69,AU69,AR69,AO69,Q69,N69,AF69,AC69,Z69,W69,T69,#REF!,#REF!,K69,CT69) -> 2 | DE69: =COUNTA(CX69,CR69,CO69,CL69,CI69,CC69,CF69,BZ69,BW69,BT69,BQ69,BN69,BK69,BH69,BE69,BB69,AY69,AV69,AS69,AP69,AM69,O69,AG69,AD69,AA69,X69,U69,R69,#REF!,L69,CU69) -> 1 | DF69: =COUNTA(CY69,CS69,CP69,CM69,CJ69,CD69,CG69,CA69,BX69,BU69,BR69,BO69,BL69,BI69,BF69,BC69,AZ69,AW69,AT69,AQ69,AN69,P69,AH69,AE69,AB69,Y69,V69,S69,#REF!,M69,CV69) -> 1 | DH69: =MAX($CN$2:$CY$2)-DD69 -> 29 | DI69: =MAX($CN$2:$CY$2)-DE69 -> 30 | DJ69: =MAX($CN$2:$CY$2)-DF69 -> 30
A70: 67 | B70: =IF(C70<>F70,"?","") | C70: 7A | F70: 7A | G70: 2003016199 | H70: 6884337064 | J70: Kon Sa The Kô | DD70: =COUNTA(CW70,CQ70,CN70,CK70,CH70,CB70,CE70,BY70,BV70,BS70,BP70,BM70,BJ70,BG70,BD70,BA70,AX70,AU70,AR70,AO70,AL70,AI70,AF70,AC70,Z70,W70,T70,Q70,N70,K70,CT70) -> 0 | DE70: =COUNTA(CX70,CR70,CO70,CL70,CI70,CC70,CF70,BZ70,BW70,BT70,BQ70,BN70,BK70,BH70,BE70,BB70,AY70,AV70,AS70,AP70,AM70,AJ70,AG70,AD70,AA70,X70,U70,R70,O70,L70,CU70) -> 0 | DF70: =COUNTA(CY70,CS70,CP70,CM70,CJ70,CD70,CG70,CA70,BX70,BU70,BR70,BO70,BL70,BI70,BF70,BC70,AZ70,AW70,AT70,AQ70,AN70,AK70,AH70,AE70,AB70,Y70,V70,S70,P70,M70,CV70) -> 0 | DH70: =MAX($CN$2:$CY$2)-DD70 -> 31 | DI70: =MAX($CN$2:$CY$2)-DE70 -> 31 | DJ70: =MAX($CN$2:$CY$2)-DF70 -> 31
A71: 68 | B71: =IF(C71<>F71,"?","") | C71: 7A | F71: 7A | G71: 2001227492 | H71: 6878153419 | J71: Dơng Gur Ha Krơng | DD71: =COUNTA(CW71,CQ71,CN71,CK71,CH71,CB71,CE71,BY71,BV71,BS71,BP71,BM71,BJ71,BG71,BD71,BA71,AX71,AU71,AR71,AO71,AL71,AI71,AF71,AC71,Z71,W71,T71,Q71,N71,K71,CT71) -> 0 | DE71: =COUNTA(CX71,CR71,CO71,CL71,CI71,CC71,CF71,BZ71,BW71,BT71,BQ71,BN71,BK71,BH71,BE71,BB71,AY71,AV71,AS71,AP71,AM71,AJ71,AG71,AD71,AA71,X71,U71,R71,O71,L71,CU71) -> 0 | DF71: =COUNTA(CY71,CS71,CP71,CM71,CJ71,CD71,CG71,CA71,BX71,BU71,BR71,BO71,BL71,BI71,BF71,BC71,AZ71,AW71,AT71,AQ71,AN71,AK71,AH71,AE71,AB71,Y71,V71,S71,P71,M71,CV71) -> 0 | DH71: =MAX($CN$2:$CY$2)-DD71 -> 31 | DI71: =MAX($CN$2:$CY$2)-DE71 -> 31 | DJ71: =MAX($CN$2:$CY$2)-DF71 -> 31
A72: 69 | B72: =IF(C72<>F72,"?","") | C72: 7A | F72: 7A | G72: 2007250577 | H72: 6844474140 | J72: Klong Như Lan | DD72: =COUNTA(CW72,CQ72,CN72,CK72,CH72,CB72,CE72,BY72,BV72,BS72,BP72,BM72,BJ72,BG72,BD72,BA72,AX72,AU72,AR72,AO72,AL72,AI72,AF72,AC72,Z72,W72,T72,Q72,N72,K72,CT72) -> 0 | DE72: =COUNTA(CX72,CR72,CO72,CL72,CI72,CC72,CF72,BZ72,BW72,BT72,BQ72,BN72,BK72,BH72,BE72,BB72,AY72,AV72,AS72,AP72,AM72,AJ72,AG72,AD72,AA72,X72,U72,R72,O72,L72,CU72) -> 0 | DF72: =COUNTA(CY72,CS72,CP72,CM72,CJ72,CD72,CG72,CA72,BX72,BU72,BR72,BO72,BL72,BI72,BF72,BC72,AZ72,AW72,AT72,AQ72,AN72,AK72,AH72,AE72,AB72,Y72,V72,S72,P72,M72,CV72) -> 0 | DH72: =MAX($CN$2:$CY$2)-DD72 -> 31 | DI72: =MAX($CN$2:$CY$2)-DE72 -> 31 | DJ72: =MAX($CN$2:$CY$2)-DF72 -> 31
A73: 70 | B73: =IF(C73<>F73,"?","") | C73: 7A | F73: 7A | G73: 2007266483 | H73: 6844474196 | J73: Rơ Ông K' Le | K73: Khám | L73: Khám | DD73: =COUNTA(CW73,CQ73,CN73,CK73,CH73,CB73,CE73,BY73,BV73,BS73,BP73,BM73,BJ73,BG73,BD73,BA73,AX73,AU73,AR73,AO73,AL73,AI73,AF73,AC73,Z73,W73,T73,Q73,N73,K73,CT73) -> 1 | DE73: =COUNTA(CX73,CR73,CO73,CL73,CI73,CC73,CF73,BZ73,BW73,BT73,BQ73,BN73,BK73,BH73,BE73,BB73,AY73,AV73,AS73,AP73,AM73,AJ73,AG73,AD73,AA73,X73,U73,R73,O73,L73,CU73) -> 1 | DF73: =COUNTA(CY73,CS73,CP73,CM73,CJ73,CD73,CG73,CA73,BX73,BU73,BR73,BO73,BL73,BI73,BF73,BC73,AZ73,AW73,AT73,AQ73,AN73,AK73,AH73,AE73,AB73,Y73,V73,S73,P73,M73,CV73) -> 0 | DH73: =MAX($CN$2:$CY$2)-DD73 -> 30 | DI73: =MAX($CN$2:$CY$2)-DE73 -> 30 | DJ73: =MAX($CN$2:$CY$2)-DF73 -> 31
A74: 71 | B74: =IF(C74<>F74,"?","") | C74: 7A | F74: 7A | G74: 2003011956 | H74: 6844806319 | J74: Kră Jăn K' Linh | DD74: =COUNTA(CW74,CQ74,CN74,CK74,CH74,CB74,CE74,BY74,BV74,BS74,BP74,BM74,BJ74,BG74,BD74,BA74,AX74,AU74,AR74,AO74,AL74,AI74,AF74,AC74,Z74,W74,T74,Q74,N74,K74,CT74) -> 0 | DE74: =COUNTA(CX74,CR74,CO74,CL74,CI74,CC74,CF74,BZ74,BW74,BT74,BQ74,BN74,BK74,BH74,BE74,BB74,AY74,AV74,AS74,AP74,AM74,AJ74,AG74,AD74,AA74,X74,U74,R74,O74,L74,CU74) -> 0 | DF74: =COUNTA(CY74,CS74,CP74,CM74,CJ74,CD74,CG74,CA74,BX74,BU74,BR74,BO74,BL74,BI74,BF74,BC74,AZ74,AW74,AT74,AQ74,AN74,AK74,AH74,AE74,AB74,Y74,V74,S74,P74,M74,CV74) -> 0 | DH74: =MAX($CN$2:$CY$2)-DD74 -> 31 | DI74: =MAX($CN$2:$CY$2)-DE74 -> 31 | DJ74: =MAX($CN$2:$CY$2)-DF74 -> 31
A75: 72 | B75: =IF(C75<>F75,"?","") | C75: 7A | F75: 7A | G75: 2006153766 | H75: 6884337065 | J75: Klong K' Loan | DD75: =COUNTA(CW75,CQ75,CN75,CK75,CH75,CB75,CE75,BY75,BV75,BS75,BP75,BM75,BJ75,BG75,BD75,BA75,AX75,AU75,AR75,AO75,AL75,AI75,AF75,AC75,Z75,W75,T75,Q75,N75,K75,CT75) -> 0 | DE75: =COUNTA(CX75,CR75,CO75,CL75,CI75,CC75,CF75,BZ75,BW75,BT75,BQ75,BN75,BK75,BH75,BE75,BB75,AY75,AV75,AS75,AP75,AM75,AJ75,AG75,AD75,AA75,X75,U75,R75,O75,L75,CU75) -> 0 | DF75: =COUNTA(CY75,CS75,CP75,CM75,CJ75,CD75,CG75,CA75,BX75,BU75,BR75,BO75,BL75,BI75,BF75,BC75,AZ75,AW75,AT75,AQ75,AN75,AK75,AH75,AE75,AB75,Y75,V75,S75,P75,M75,CV75) -> 0 | DH75: =MAX($CN$2:$CY$2)-DD75 -> 31 | DI75: =MAX($CN$2:$CY$2)-DE75 -> 31 | DJ75: =MAX($CN$2:$CY$2)-DF75 -> 31
A76: 73 | B76: =IF(C76<>F76,"?","") | C76: 7A | F76: 7A | G76: 2003016119 | H76: 6884337066 | J76: Rơ Ông Ha Luis | DD76: =COUNTA(CW76,CQ76,CN76,CK76,CH76,CB76,CE76,BY76,BV76,BS76,BP76,BM76,BJ76,BG76,BD76,BA76,AX76,AU76,AR76,AO76,AL76,AI76,AF76,AC76,Z76,W76,T76,Q76,N76,K76,CT76) -> 0 | DE76: =COUNTA(CX76,CR76,CO76,CL76,CI76,CC76,CF76,BZ76,BW76,BT76,BQ76,BN76,BK76,BH76,BE76,BB76,AY76,AV76,AS76,AP76,AM76,AJ76,AG76,AD76,AA76,X76,U76,R76,O76,L76,CU76) -> 0 | DF76: =COUNTA(CY76,CS76,CP76,CM76,CJ76,CD76,CG76,CA76,BX76,BU76,BR76,BO76,BL76,BI76,BF76,BC76,AZ76,AW76,AT76,AQ76,AN76,AK76,AH76,AE76,AB76,Y76,V76,S76,P76,M76,CV76) -> 0 | DH76: =MAX($CN$2:$CY$2)-DD76 -> 31 | DI76: =MAX($CN$2:$CY$2)-DE76 -> 31 | DJ76: =MAX($CN$2:$CY$2)-DF76 -> 31
A77: 74 | B77: =IF(C77<>F77,"?","") | C77: 7A | F77: 7A | G77: 2003011884 | H77: 6848391598 | J77: Kon Sơ K' Khên Ly | DD77: =COUNTA(CW77,CQ77,CN77,CK77,CH77,CB77,CE77,BY77,BV77,BS77,BP77,BM77,BJ77,BG77,BD77,BA77,AX77,AU77,AR77,AO77,AL77,AI77,AF77,AC77,Z77,W77,T77,Q77,N77,K77,CT77) -> 0 | DE77: =COUNTA(CX77,CR77,CO77,CL77,CI77,CC77,CF77,BZ77,BW77,BT77,BQ77,BN77,BK77,BH77,BE77,BB77,AY77,AV77,AS77,AP77,AM77,AJ77,AG77,AD77,AA77,X77,U77,R77,O77,L77,CU77) -> 0 | DF77: =COUNTA(CY77,CS77,CP77,CM77,CJ77,CD77,CG77,CA77,BX77,BU77,BR77,BO77,BL77,BI77,BF77,BC77,AZ77,AW77,AT77,AQ77,AN77,AK77,AH77,AE77,AB77,Y77,V77,S77,P77,M77,CV77) -> 0 | DH77: =MAX($CN$2:$CY$2)-DD77 -> 31 | DI77: =MAX($CN$2:$CY$2)-DE77 -> 31 | DJ77: =MAX($CN$2:$CY$2)-DF77 -> 31
A78: 75 | B78: =IF(C78<>F78,"?","") | C78: 7A | F78: 7A | G78: 2003007482 | H78: 6802301416 | J78: Cil Pam Khôi Nguyên | DD78: =COUNTA(CW78,CQ78,CN78,CK78,CH78,CB78,CE78,BY78,BV78,BS78,BP78,BM78,BJ78,BG78,BD78,BA78,AX78,AU78,AR78,AO78,AL78,AI78,AF78,AC78,Z78,W78,T78,Q78,N78,K78,CT78) -> 0 | DE78: =COUNTA(CX78,CR78,CO78,CL78,CI78,CC78,CF78,BZ78,BW78,BT78,BQ78,BN78,BK78,BH78,BE78,BB78,AY78,AV78,AS78,AP78,AM78,AJ78,AG78,AD78,AA78,X78,U78,R78,O78,L78,CU78) -> 0 | DF78: =COUNTA(CY78,CS78,CP78,CM78,CJ78,CD78,CG78,CA78,BX78,BU78,BR78,BO78,BL78,BI78,BF78,BC78,AZ78,AW78,AT78,AQ78,AN78,AK78,AH78,AE78,AB78,Y78,V78,S78,P78,M78,CV78) -> 0 | DH78: =MAX($CN$2:$CY$2)-DD78 -> 31 | DI78: =MAX($CN$2:$CY$2)-DE78 -> 31 | DJ78: =MAX($CN$2:$CY$2)-DF78 -> 31
A79: 76 | B79: =IF(C79<>F79,"?","") | C79: 7A | F79: 7A | G79: 2006153788 | H79: 6858294710 | J79: Pang Ting Trắng Thu Nguyệt | K79: Khám | L79: Khám | DD79: =COUNTA(CW79,CQ79,CN79,CK79,CH79,CB79,CE79,BY79,BV79,BS79,BP79,BM79,BJ79,BG79,BD79,BA79,AX79,AU79,AR79,AO79,AL79,AI79,AF79,AC79,Z79,W79,T79,Q79,N79,K79,CT79) -> 1 | DE79: =COUNTA(CX79,CR79,CO79,CL79,CI79,CC79,CF79,BZ79,BW79,BT79,BQ79,BN79,BK79,BH79,BE79,BB79,AY79,AV79,AS79,AP79,AM79,AJ79,AG79,AD79,AA79,X79,U79,R79,O79,L79,CU79) -> 1 | DF79: =COUNTA(CY79,CS79,CP79,CM79,CJ79,CD79,CG79,CA79,BX79,BU79,BR79,BO79,BL79,BI79,BF79,BC79,AZ79,AW79,AT79,AQ79,AN79,AK79,AH79,AE79,AB79,Y79,V79,S79,P79,M79,CV79) -> 0 | DH79: =MAX($CN$2:$CY$2)-DD79 -> 30 | DI79: =MAX($CN$2:$CY$2)-DE79 -> 30 | DJ79: =MAX($CN$2:$CY$2)-DF79 -> 31
A80: 77 | B80: =IF(C80<>F80,"?","") | C80: 7A | F80: 7A | G80: 2009201989 | H80: 6804793994 | J80: Bạch Pang Thiện Nhân | K80: Khám | L80: Khám | DD80: =COUNTA(CW80,CQ80,CN80,CK80,CH80,CB80,CE80,BY80,BV80,BS80,BP80,BM80,BJ80,BG80,BD80,BA80,AX80,AU80,AR80,AO80,AL80,AI80,AF80,AC80,Z80,W80,T80,Q80,N80,K80,CT80) -> 1 | DE80: =COUNTA(CX80,CR80,CO80,CL80,CI80,CC80,CF80,BZ80,BW80,BT80,BQ80,BN80,BK80,BH80,BE80,BB80,AY80,AV80,AS80,AP80,AM80,AJ80,AG80,AD80,AA80,X80,U80,R80,O80,L80,CU80) -> 1 | DF80: =COUNTA(CY80,CS80,CP80,CM80,CJ80,CD80,CG80,CA80,BX80,BU80,BR80,BO80,BL80,BI80,BF80,BC80,AZ80,AW80,AT80,AQ80,AN80,AK80,AH80,AE80,AB80,Y80,V80,S80,P80,M80,CV80) -> 0 | DH80: =MAX($CN$2:$CY$2)-DD80 -> 30 | DI80: =MAX($CN$2:$CY$2)-DE80 -> 30 | DJ80: =MAX($CN$2:$CY$2)-DF80 -> 31
A81: 78 | B81: =IF(C81<>F81,"?","") | C81: 7A | F81: 7A | G81: 2007115913 | H81: 6840162672 | J81: Cêl Môp Rơ Ông Nhuận | DD81: =COUNTA(CW81,CQ81,CN81,CK81,CH81,CB81,CE81,BY81,BV81,BS81,BP81,BM81,BJ81,BG81,BD81,BA81,AX81,AU81,AR81,AO81,AL81,AI81,AF81,AC81,Z81,W81,T81,Q81,N81,K81,CT81) -> 0 | DE81: =COUNTA(CX81,CR81,CO81,CL81,CI81,CC81,CF81,BZ81,BW81,BT81,BQ81,BN81,BK81,BH81,BE81,BB81,AY81,AV81,AS81,AP81,AM81,AJ81,AG81,AD81,AA81,X81,U81,R81,O81,L81,CU81) -> 0 | DF81: =COUNTA(CY81,CS81,CP81,CM81,CJ81,CD81,CG81,CA81,BX81,BU81,BR81,BO81,BL81,BI81,BF81,BC81,AZ81,AW81,AT81,AQ81,AN81,AK81,AH81,AE81,AB81,Y81,V81,S81,P81,M81,CV81) -> 0 | DH81: =MAX($CN$2:$CY$2)-DD81 -> 31 | DI81: =MAX($CN$2:$CY$2)-DE81 -> 31 | DJ81: =MAX($CN$2:$CY$2)-DF81 -> 31
A82: 79 | B82: =IF(C82<>F82,"?","") | C82: 7A | F82: 7A | G82: 2006163697 | H82: 6884337068 | J82: Rơ Ông Kỳ Phương | DD82: =COUNTA(CW82,CQ82,CN82,CK82,CH82,CB82,CE82,BY82,BV82,BS82,BP82,BM82,BJ82,BG82,BD82,BA82,AX82,AU82,AR82,AO82,AL82,AI82,AF82,AC82,Z82,W82,T82,Q82,N82,K82,CT82) -> 0 | DE82: =COUNTA(CX82,CR82,CO82,CL82,CI82,CC82,CF82,BZ82,BW82,BT82,BQ82,BN82,BK82,BH82,BE82,BB82,AY82,AV82,AS82,AP82,AM82,AJ82,AG82,AD82,AA82,X82,U82,R82,O82,L82,CU82) -> 0 | DF82: =COUNTA(CY82,CS82,CP82,CM82,CJ82,CD82,CG82,CA82,BX82,BU82,BR82,BO82,BL82,BI82,BF82,BC82,AZ82,AW82,AT82,AQ82,AN82,AK82,AH82,AE82,AB82,Y82,V82,S82,P82,M82,CV82) -> 0 | DH82: =MAX($CN$2:$CY$2)-DD82 -> 31 | DI82: =MAX($CN$2:$CY$2)-DE82 -> 31 | DJ82: =MAX($CN$2:$CY$2)-DF82 -> 31
A83: 80 | B83: =IF(C83<>F83,"?","") | C83: 7A | F83: 7A | G83: 2006153773 | H83: 6884337069 | J83: Cil The Ry | DD83: =COUNTA(CW83,CQ83,CN83,CK83,CH83,CB83,CE83,BY83,BV83,BS83,BP83,BM83,BJ83,BG83,BD83,BA83,AX83,AU83,AR83,AO83,AL83,AI83,AF83,AC83,Z83,W83,T83,Q83,N83,K83,CT83) -> 0 | DE83: =COUNTA(CX83,CR83,CO83,CL83,CI83,CD83,CF83,BZ83,BW83,BT83,BQ83,BN83,BK83,BH83,BE83,BB83,AY83,AV83,AS83,AP83,AM83,AJ83,AG83,AD83,AA83,X83,U83,R83,O83,L83,CU83) -> 0 | DF83: =COUNTA(CY83,CS83,CP83,CM83,CJ83,#REF!,CG83,CA83,BX83,BU83,BR83,BO83,BL83,BI83,BF83,BC83,AZ83,AW83,AT83,AQ83,AN83,AK83,AH83,AE83,AB83,Y83,V83,S83,P83,M83,CV83) -> 1 | DH83: =MAX($CN$2:$CY$2)-DD83 -> 31 | DI83: =MAX($CN$2:$CY$2)-DE83 -> 31 | DJ83: =MAX($CN$2:$CY$2)-DF83 -> 30
A84: 81 | B84: =IF(C84<>F84,"?","") | C84: 7A | F84: 7A | G84: 2003012385 | H84: 6870986428 | J84: Kră Jãn Na Than | K84: Khám | L84: Khám | DD84: =COUNTA(CW84,CQ84,CN84,CK84,CH84,CB84,CE84,BY84,BV84,BS84,BP84,BM84,BJ84,BG84,BD84,BA84,AX84,AU84,AR84,AO84,AL84,AI84,AF84,AC84,Z84,W84,T84,Q84,N84,K84,CT84) -> 1 | DE84: =COUNTA(CX84,CR84,CO84,CL84,CI84,CC84,CF84,BZ84,BW84,BT84,BQ84,BN84,BK84,BH84,BE84,BB84,AY84,AV84,AS84,AP84,AM84,AJ84,AG84,AD84,AA84,X84,U84,R84,O84,L84,CU84) -> 1 | DF84: =COUNTA(CY84,CS84,CP84,CM84,CJ84,CD84,CG84,CA84,BX84,BU84,BR84,BO84,BL84,BI84,BF84,BC84,AZ84,AW84,AT84,AQ84,AN84,AK84,AH84,AE84,AB84,Y84,V84,S84,P84,M84,CV84) -> 0 | DH84: =MAX($CN$2:$CY$2)-DD84 -> 30 | DI84: =MAX($CN$2:$CY$2)-DE84 -> 30 | DJ84: =MAX($CN$2:$CY$2)-DF84 -> 31
A85: 82 | B85: =IF(C85<>F85,"?","") | C85: 7A | F85: 7A | G85: 2003014839 | H85: 6841159824 | J85: Bon Dơng Lê Thiên | DD85: =COUNTA(CW85,CQ85,CN85,CK85,CH85,CB85,CE85,BY85,BV85,BS85,BP85,BM85,BJ85,BG85,BD85,BA85,AX85,AU85,AR85,AO85,AL85,AI85,AF85,AC85,Z85,W85,T85,Q85,N85,K85,CT85) -> 0 | DE85: =COUNTA(CX85,CR85,CO85,CL85,CI85,CC85,CF85,BZ85,BW85,BT85,BQ85,BN85,BK85,BH85,BE85,BB85,AY85,AV85,AS85,AP85,AM85,AJ85,AG85,AD85,AA85,X85,U85,R85,O85,L85,CU85) -> 0 | DF85: =COUNTA(CY85,CS85,CP85,CM85,CJ85,CD85,CG85,CA85,BX85,BU85,BR85,BO85,BL85,BI85,BF85,BC85,AZ85,AW85,AT85,AQ85,AN85,AK85,AH85,AE85,AB85,Y85,V85,S85,P85,M85,CV85) -> 0 | DH85: =MAX($CN$2:$CY$2)-DD85 -> 31 | DI85: =MAX($CN$2:$CY$2)-DE85 -> 31 | DJ85: =MAX($CN$2:$CY$2)-DF85 -> 31
A86: 83 | B86: =IF(C86<>F86,"?","") | C86: 7A | F86: 7A | G86: 2007266638 | H86: 6855815162 | J86: Klong Đức Thuận | DD86: =COUNTA(CW86,CQ86,CN86,CK86,CH86,CB86,CE86,BY86,BV86,BS86,BP86,BM86,BJ86,BG86,BD86,BA86,AX86,AU86,AR86,AO86,AL86,AI86,AF86,AC86,Z86,W86,T86,Q86,N86,K86,CT86) -> 0 | DE86: =COUNTA(CX86,CR86,CO86,CL86,CI86,CC86,CF86,BZ86,BW86,BT86,BQ86,BN86,BK86,BH86,BE86,BB86,AY86,AV86,AS86,AP86,AM86,AJ86,AG86,AD86,AA86,X86,U86,R86,O86,L86,CU86) -> 0 | DF86: =COUNTA(CY86,CS86,CP86,CM86,CJ86,CD86,CG86,CA86,BX86,BU86,BR86,BO86,BL86,BI86,BF86,BC86,AZ86,AW86,AT86,AQ86,AN86,AK86,AH86,AE86,AB86,Y86,V86,S86,P86,M86,CV86) -> 0 | DH86: =MAX($CN$2:$CY$2)-DD86 -> 31 | DI86: =MAX($CN$2:$CY$2)-DE86 -> 31 | DJ86: =MAX($CN$2:$CY$2)-DF86 -> 31
A87: 84 | B87: =IF(C87<>F87,"?","") | C87: 7A | F87: 7A | G87: 2003007504 | H87: 6878019283 | J87: Kơ Să Nông Thị Trang | DD87: =COUNTA(CW87,CQ87,CN87,CK87,CH87,CB87,CE87,BY87,BV87,BS87,BP87,BM87,BJ87,BG87,BD87,BA87,AX87,AU87,AR87,AO87,AL87,AI87,AF87,AC87,Z87,W87,T87,Q87,N87,K87,CT87) -> 0 | DE87: =COUNTA(CX87,CR87,CO87,CL87,CI87,CC87,CF87,BZ87,BW87,BT87,BQ87,BN87,BK87,BH87,BE87,BB87,AY87,AV87,AS87,AP87,AM87,AJ87,AG87,AD87,AA87,X87,U87,R87,O87,L87,CU87) -> 0 | DF87: =COUNTA(CY87,CS87,CP87,CM87,CJ87,CD87,CG87,CA87,BX87,BU87,BR87,BO87,BL87,BI87,BF87,BC87,AZ87,AW87,AT87,AQ87,AN87,AK87,AH87,AE87,AB87,Y87,V87,S87,P87,M87,CV87) -> 0 | DH87: =MAX($CN$2:$CY$2)-DD87 -> 31 | DI87: =MAX($CN$2:$CY$2)-DE87 -> 31 | DJ87: =MAX($CN$2:$CY$2)-DF87 -> 31
A88: 85 | B88: =IF(C88<>F88,"?","") | C88: 7A | F88: 7A | G88: 2003016166 | H88: 6884337070 | J88: Cil Múp Huyền Trân | DD88: =COUNTA(CW88,CQ88,CN88,CK88,CH88,CB88,CE88,BY88,BV88,BS88,BP88,BM88,BJ88,BG88,BD88,BA88,AX88,AU88,AR88,AO88,AL88,AI88,AF88,AC88,Z88,W88,T88,Q88,N88,K88,CT88) -> 0 | DE88: =COUNTA(CX88,CR88,CO88,CL88,CI88,CC88,CF88,BZ88,BW88,BT88,BQ88,BN88,BK88,BH88,BE88,BB88,AY88,AV88,AS88,AP88,AM88,AJ88,AG88,AD88,AA88,X88,U88,R88,O88,L88,CU88) -> 0 | DF88: =COUNTA(CY88,CS88,CP88,CM88,CJ88,CD88,CG88,CA88,BX88,BU88,BR88,BO88,BL88,BI88,BF88,BC88,AZ88,AW88,AT88,AQ88,AN88,AK88,AH88,AE88,AB88,Y88,V88,S88,P88,M88,CV88) -> 0 | DH88: =MAX($CN$2:$CY$2)-DD88 -> 31 | DI88: =MAX($CN$2:$CY$2)-DE88 -> 31 | DJ88: =MAX($CN$2:$CY$2)-DF88 -> 31
A89: 86 | B89: =IF(C89<>F89,"?","") | C89: 7A | F89: 7A | G89: 2003014922 | H89: 6841189638 | J89: Cil Yũ K' Hải Yến | DD89: =COUNTA(CW89,CQ89,CN89,CK89,CH89,CB89,CE89,BY89,BV89,BS89,BP89,BM89,BJ89,BG89,BD89,BA89,AX89,AU89,AR89,AO89,AL89,AI89,AF89,AC89,Z89,W89,T89,Q89,N89,K89,CT89) -> 0 | DE89: =COUNTA(CX89,CR89,CO89,CL89,CI89,CC89,CF89,BZ89,BW89,BT89,BQ89,BN89,BK89,BH89,BE89,BB89,AY89,AV89,AS89,AP89,AM89,AJ89,AG89,AD89,AA89,X89,U89,R89,O89,L89,CU89) -> 0 | DF89: =COUNTA(CY89,CS89,CP89,CM89,CJ89,CD89,CG89,CA89,BX89,BU89,BR89,BO89,BL89,BI89,BF89,BC89,AZ89,AW89,AT89,AQ89,AN89,AK89,AH89,AE89,AB89,Y89,V89,S89,P89,M89,CV89) -> 0 | DH89: =MAX($CN$2:$CY$2)-DD89 -> 31 | DI89: =MAX($CN$2:$CY$2)-DE89 -> 31 | DJ89: =MAX($CN$2:$CY$2)-DF89 -> 31
A90: 87 | B90: =IF(C90<>F90,"?","") | C90: 7B | F90: 7B | G90: 2007266665 | H90: 6884660085 | J90: Kră Jañ Ra Chel | DD90: =COUNTA(CW90,CQ90,CN90,CK90,CH90,CB90,CE90,BY90,BV90,BS90,BP90,BM90,BJ90,BG90,BD90,BA90,AX90,AU90,AR90,AO90,AL90,AI90,AF90,AC90,Z90,W90,T90,Q90,N90,K90,CT90) -> 0 | DE90: =COUNTA(CX90,CR90,CO90,CL90,CI90,CC90,CF90,BZ90,BW90,BT90,BQ90,BN90,BK90,BH90,BE90,BB90,AY90,AV90,AS90,AP90,AM90,AJ90,AG90,AD90,AA90,X90,U90,R90,O90,L90,CU90) -> 0 | DF90: =COUNTA(CY90,CS90,CP90,CM90,CJ90,CD90,CG90,CA90,BX90,BU90,BR90,BO90,BL90,BI90,BF90,BC90,AZ90,AW90,AT90,AQ90,AN90,AK90,AH90,AE90,AB90,Y90,V90,S90,P90,M90,CV90) -> 0 | DH90: =MAX($CN$2:$CY$2)-DD90 -> 31 | DI90: =MAX($CN$2:$CY$2)-DE90 -> 31 | DJ90: =MAX($CN$2:$CY$2)-DF90 -> 31
A91: 88 | B91: =IF(C91<>F91,"?","") | C91: 7B | F91: 7B | G91: 2003016118 | H91: 6884337184 | J91: Cil Múp MyRinDa | DD91: =COUNTA(CW91,CQ91,CN91,CK91,CH91,CB91,CE91,BY91,BV91,BS91,BP91,BM91,BJ91,BG91,BD91,BA91,AX91,AU91,AR91,AO91,AL91,AI91,AF91,AC91,Z91,W91,T91,Q91,N91,K91,CT91) -> 0 | DE91: =COUNTA(CX91,CR91,CO91,CL91,CI91,CC91,CF91,BZ91,BW91,BT91,BQ91,BN91,BK91,BH91,BE91,BB91,AY91,AV91,AS91,AP91,AM91,AJ91,AG91,AD91,AA91,X91,U91,R91,O91,L91,CU91) -> 0 | DF91: =COUNTA(CY91,CS91,CP91,CM91,CJ91,CD91,CG91,CA91,BX91,BU91,BR91,BO91,BL91,BI91,BF91,BC91,AZ91,AW91,AT91,AQ91,AN91,AK91,AH91,AE91,AB91,Y91,V91,S91,P91,M91,CV91) -> 0 | DH91: =MAX($CN$2:$CY$2)-DD91 -> 31 | DI91: =MAX($CN$2:$CY$2)-DE91 -> 31 | DJ91: =MAX($CN$2:$CY$2)-DF91 -> 31
A92: 89 | B92: =IF(C92<>F92,"?","") | C92: 7B | F92: 7B | G92: 2003016112 | H92: 6884337185 | J92: Ntôl Ha Dân | DD92: =COUNTA(CW92,CQ92,CN92,CK92,CH92,CB92,CE92,BY92,BV92,BS92,BP92,BM92,BJ92,BG92,BD92,BA92,AX92,AU92,AR92,AO92,AL92,AI92,AF92,AC92,Z92,W92,T92,Q92,N92,K92,CT92) -> 0 | DE92: =COUNTA(CX92,CR92,CO92,CL92,CI92,CC92,CF92,BZ92,BW92,BT92,BQ92,BN92,BK92,BH92,BE92,BB92,AY92,AV92,AS92,AP92,AM92,AJ92,AG92,AD92,AA92,X92,U92,R92,O92,L92,CU92) -> 0 | DF92: =COUNTA(CY92,CS92,CP92,CM92,CJ92,CD92,CG92,CA92,BX92,BU92,BR92,BO92,BL92,BI92,BF92,BC92,AZ92,AW92,AT92,AQ92,AN92,AK92,AH92,AE92,AB92,Y92,V92,S92,P92,M92,CV92) -> 0 | DH92: =MAX($CN$2:$CY$2)-DD92 -> 31 | DI92: =MAX($CN$2:$CY$2)-DE92 -> 31 | DJ92: =MAX($CN$2:$CY$2)-DF92 -> 31
A93: 90 | B93: =IF(C93<>F93,"?","") | C93: 7B | F93: 7B | G93: 2003012369 | H93: 6870987105 | J93: Kră Jăn K' Linh Đan | DD93: =COUNTA(CW93,CQ93,CN93,CK93,CH93,CB93,CE93,BY93,BV93,BS93,BP93,BM93,BJ93,BG93,BD93,BA93,AX93,AU93,AR93,AO93,AL93,AI93,AF93,AC93,Z93,W93,T93,Q93,N93,K93,CT93) -> 0 | DE93: =COUNTA(CX93,CR93,CO93,CL93,CI93,CC93,CF93,BZ93,BW93,BT93,BQ93,BN93,BK93,BH93,BE93,BB93,AY93,AV93,AS93,AP93,AM93,AJ93,AG93,AD93,AA93,X93,U93,R93,O93,L93,CU93) -> 0 | DF93: =COUNTA(CY93,CS93,CP93,CM93,CJ93,CD93,CG93,CA93,BX93,BU93,BR93,BO93,BL93,BI93,BF93,BC93,AZ93,AW93,AT93,AQ93,AN93,AK93,AH93,AE93,AB93,Y93,V93,S93,P93,M93,CV93) -> 0 | DH93: =MAX($CN$2:$CY$2)-DD93 -> 31 | DI93: =MAX($CN$2:$CY$2)-DE93 -> 31 | DJ93: =MAX($CN$2:$CY$2)-DF93 -> 31
A94: 91 | B94: =IF(C94<>F94,"?","") | C94: 7B | F94: 7B | G94: 2006164505 | H94: 6884337186 | J94: K' Hi | DD94: =COUNTA(CW94,CQ94,CN94,CK94,CH94,CB94,CE94,BY94,BV94,BS94,BP94,BM94,BJ94,BG94,BD94,BA94,AX94,AU94,AR94,AO94,AL94,AI94,AF94,AC94,Z94,W94,T94,Q94,N94,K94,CT94) -> 0 | DE94: =COUNTA(CX94,CR94,CO94,CL94,CI94,CC94,CF94,BZ94,BW94,BT94,BQ94,BN94,BK94,BH94,BE94,BB94,AY94,AV94,AS94,AP94,AM94,AJ94,AG94,AD94,AA94,X94,U94,R94,O94,L94,CU94) -> 0 | DF94: =COUNTA(CY94,CS94,CP94,CM94,CJ94,CD94,CG94,CA94,BX94,BU94,BR94,BO94,BL94,BI94,BF94,BC94,AZ94,AW94,AT94,AQ94,AN94,AK94,AH94,AE94,AB94,Y94,V94,S94,P94,M94,CV94) -> 0 | DH94: =MAX($CN$2:$CY$2)-DD94 -> 31 | DI94: =MAX($CN$2:$CY$2)-DE94 -> 31 | DJ94: =MAX($CN$2:$CY$2)-DF94 -> 31
A95: 92 | B95: =IF(C95<>F95,"?","") | C95: 7B | F95: 7B | G95: 2003015048 | H95: 6841422869 | J95: Cao Kon Sơ Song Hỉ | DD95: =COUNTA(CW95,CQ95,CN95,CK95,CH95,CB95,CE95,BY95,BV95,BS95,BP95,BM95,BJ95,BG95,BD95,BA95,AX95,AU95,AR95,AO95,AL95,AI95,AF95,AC95,Z95,W95,T95,Q95,N95,K95,CT95) -> 0 | DE95: =COUNTA(CX95,CR95,CO95,CL95,CI95,CC95,CF95,BZ95,BW95,BT95,BQ95,BN95,BK95,BH95,BE95,BB95,AY95,AV95,AS95,AP95,AM95,AJ95,AG95,AD95,AA95,X95,U95,R95,O95,L95,CU95) -> 0 | DF95: =COUNTA(CY95,CS95,CP95,CM95,CJ95,CD95,CG95,CA95,BX95,BU95,BR95,BO95,BL95,BI95,BF95,BC95,AZ95,AW95,AT95,AQ95,AN95,AK95,AH95,AE95,AB95,Y95,V95,S95,P95,M95,CV95) -> 0 | DH95: =MAX($CN$2:$CY$2)-DD95 -> 31 | DI95: =MAX($CN$2:$CY$2)-DE95 -> 31 | DJ95: =MAX($CN$2:$CY$2)-DF95 -> 31
A96: 93 | B96: =IF(C96<>F96,"?","") | C96: 7B | F96: 7B | G96: 2006153764 | H96: 6884337188 | J96: Liêng Hót Jêrôham | DD96: =COUNTA(CW96,CQ96,CN96,CK96,CH96,CB96,CE96,BY96,BV96,BS96,BP96,BM96,BJ96,BG96,BD96,BA96,AX96,AU96,AR96,AO96,AL96,AI96,AF96,AC96,Z96,W96,T96,Q96,N96,K96,CT96) -> 0 | DE96: =COUNTA(CX96,CR96,CO96,CL96,CI96,CC96,CF96,BZ96,BW96,BT96,BQ96,BN96,BK96,BH96,BE96,BB96,AY96,AV96,AS96,AP96,AM96,AJ96,AG96,AD96,AA96,X96,U96,R96,O96,L96,CU96) -> 0 | DF96: =COUNTA(CY96,CS96,CP96,CM96,CJ96,CD96,CG96,CA96,BX96,BU96,BR96,BO96,BL96,BI96,BF96,BC96,AZ96,AW96,AT96,AQ96,AN96,AK96,AH96,AE96,AB96,Y96,V96,S96,P96,M96,CV96) -> 0 | DH96: =MAX($CN$2:$CY$2)-DD96 -> 31 | DI96: =MAX($CN$2:$CY$2)-DE96 -> 31 | DJ96: =MAX($CN$2:$CY$2)-DF96 -> 31
... A149: 146 | B149: =IF(C149<>F149,"?","") | C149: 8B | F149: 8B | G149: 2305274166 | H149: 6802248562 | J149: Kơ Să Rô Les | DD149: =COUNTA(CW149,CQ149,CN149,CK149,CH149,CB149,CE149,BY149,BV149,BS149,BP149,BM149,BJ149,BG149,BD149,BA149,AX149,AU149,AR149,AO149,AL149,AI149,AF149,AC149,Z149,W149,T149,Q149,N149,K149,CT149) -> 0 | DE149: =COUNTA(CX149,CR149,CO149,CL149,CI149,CC149,CF149,BZ149,BW149,BT149,BQ149,BN149,BK149,BH149,BE149,BB149,AY149,AV149,AS149,AP149,AM149,AJ149,AG149,AD149,AA149,X149,U149,R149,O149,L149,CU149) -> 0 | DF149: =COUNTA(CY149,CS149,CP149,CM149,CJ149,CD149,CG149,CA149,BX149,BU149,BR149,BO149,BL149,BI149,BF149,BC149,AZ149,AW149,AT149,AQ149,AN149,AK149,AH149,AE149,AB149,Y149,V149,S149,P149,M149,CV149) -> 0 | DH149: =MAX($CN$2:$CY$2)-DD149 -> 31 | DI149: =MAX($CN$2:$CY$2)-DE149 -> 31 | DJ149: =MAX($CN$2:$CY$2)-DF149 -> 31
A150: 147 | B150: =IF(C150<>F150,"?","") | C150: 8B | F150: 8B | G150: 2305272631 | H150: 6881036416 | J150: Lơ Mu Khánh Linh | K150: vn | L150: vn | DD150: =COUNTA(CW150,CQ150,CN150,CK150,CH150,CB150,CE150,BY150,BV150,BS150,BP150,BM150,BJ150,BG150,BD150,BA150,AX150,AU150,AR150,AO150,AL150,AI150,AF150,AC150,Z150,W150,T150,Q150,N150,K150,CT150) -> 1 | DE150: =COUNTA(CX150,CR150,CO150,CL150,CI150,CC150,CF150,BZ150,BW150,BT150,BQ150,BN150,BK150,BH150,BE150,BB150,AY150,AV150,AS150,AP150,AM150,AJ150,AG150,AD150,AA150,X150,U150,R150,O150,L150,CU150) -> 1 | DF150: =COUNTA(CY150,CS150,CP150,CM150,CJ150,CD150,CG150,CA150,BX150,BU150,BR150,BO150,BL150,BI150,BF150,BC150,AZ150,AW150,AT150,AQ150,AN150,AK150,AH150,AE150,AB150,Y150,V150,S150,P150,M150,CV150) -> 0 | DH150: =MAX($CN$2:$CY$2)-DD150 -> 30 | DI150: =MAX($CN$2:$CY$2)-DE150 -> 30 | DJ150: =MAX($CN$2:$CY$2)-DF150 -> 31
A151: 148 | B151: =IF(C151<>F151,"?","") | C151: 8B | F151: 8B | G151: 2305268909 | H151: 6881036417 | J151: Lơ Mu Trương K' Mai | DD151: =COUNTA(CW151,CQ151,CN151,CK151,CH151,CB151,CE151,BY151,BV151,BS151,BP151,BM151,BJ151,BG151,BD151,BA151,AX151,AU151,AR151,AO151,AL151,AI151,AF151,AC151,Z151,W151,T151,Q151,N151,K151,CT151) -> 0 | DE151: =COUNTA(CX151,CR151,CO151,CL151,CI151,CC151,CF151,BZ151,BW151,BT151,BQ151,BN151,BK151,BH151,BE151,BB151,AY151,AV151,AS151,AP151,AM151,AJ151,AG151,AD151,AA151,X151,U151,R151,O151,L151,CU151) -> 0 | DF151: =COUNTA(CY151,CS151,CP151,CM151,CJ151,CD151,CG151,CA151,BX151,BU151,BR151,BO151,BL151,BI151,BF151,BC151,AZ151,AW151,AT151,AQ151,AN151,AK151,AH151,AE151,AB151,Y151,V151,S151,P151,M151,CV151) -> 0 | DH151: =MAX($CN$2:$CY$2)-DD151 -> 31 | DI151: =MAX($CN$2:$CY$2)-DE151 -> 31 | DJ151: =MAX($CN$2:$CY$2)-DF151 -> 31
A152: 149 | B152: =IF(C152<>F152,"?","") | C152: 8B | F152: 8B | G152: 2305265659 | H152: 6881036418 | J152: Lơ Mu Ja Mas | DD152: =COUNTA(CW152,CQ152,CN152,CK152,CH152,CB152,CE152,BY152,BV152,BS152,BP152,BM152,BJ152,BG152,BD152,BA152,AX152,AU152,AR152,AO152,AL152,AI152,AF152,AC152,Z152,W152,T152,Q152,N152,K152,CT152) -> 0 | DE152: =COUNTA(CX152,CR152,CO152,CL152,CI152,CC152,CF152,BZ152,BW152,BT152,BQ152,BN152,BK152,BH152,BE152,BB152,AY152,AV152,AS152,AP152,AM152,AJ152,AG152,AD152,AA152,X152,U152,R152,O152,L152,CU152) -> 0 | DF152: =COUNTA(CY152,CS152,CP152,CM152,CJ152,CD152,CG152,CA152,BX152,BU152,BR152,BO152,BL152,BI152,BF152,BC152,AZ152,AW152,AT152,AQ152,AN152,AK152,AH152,AE152,AB152,Y152,V152,S152,P152,M152,CV152) -> 0 | DH152: =MAX($CN$2:$CY$2)-DD152 -> 31 | DI152: =MAX($CN$2:$CY$2)-DE152 -> 31 | DJ152: =MAX($CN$2:$CY$2)-DF152 -> 31
A153: 150 | B153: =IF(C153<>F153,"?","") | C153: 8B | F153: 8B | G153: 2305276161 | H153: 6881036419 | J153: Đơng Gur Diễm My | DD153: =COUNTA(CW153,CQ153,CN153,CK153,CH153,CB153,CE153,BY153,BV153,BS153,BP153,BM153,BJ153,BG153,BD153,BA153,AX153,AU153,AR153,AO153,AL153,AI153,AF153,AC153,Z153,W153,T153,Q153,N153,K153,CT153) -> 0 | DE153: =COUNTA(CX153,CR153,CO153,CL153,CI153,CC153,CF153,BZ153,BW153,BT153,BQ153,BN153,BK153,BH153,BE153,BB153,AY153,AV153,AS153,AP153,AM153,AJ153,AG153,AD153,AA153,X153,U153,R153,O153,L153,CU153) -> 0 | DF153: =COUNTA(CY153,CS153,CP153,CM153,CJ153,CD153,CG153,CA153,BX153,BU153,BR153,BO153,BL153,BI153,BF153,BC153,AZ153,AW153,AT153,AQ153,AN153,AK153,AH153,AE153,AB153,Y153,V153,S153,P153,M153,CV153) -> 0 | DH153: =MAX($CN$2:$CY$2)-DD153 -> 31 | DI153: =MAX($CN$2:$CY$2)-DE153 -> 31 | DJ153: =MAX($CN$2:$CY$2)-DF153 -> 31
A154: 151 | B154: =IF(C154<>F154,"?","") | C154: 8B | F154: 8B | G154: 2305274904 | H154: 6802566434 | J154: Cil Phạm Bảo Ngọc | DD154: =COUNTA(CW154,CQ154,CN154,CK154,CH154,CB154,CE154,BY154,BV154,BS154,BP154,BM154,BJ154,BG154,BD154,BA154,AX154,AU154,AR154,AO154,AL154,AI154,AF154,AC154,Z154,W154,T154,Q154,N154,K154,CT154) -> 0 | DE154: =COUNTA(CX154,CR154,CO154,CL154,CI154,CC154,CF154,BZ154,BW154,BT154,BQ154,BN154,BK154,BH154,BE154,BB154,AY154,AV154,AS154,AP154,AM154,AJ154,AG154,AD154,AA154,X154,U154,R154,O154,L154,CU154) -> 0 | DF154: =COUNTA(CY154,CS154,CP154,CM154,CJ154,CD154,CG154,CA154,BX154,BU154,BR154,BO154,BL154,BI154,BF154,BC154,AZ154,AW154,AT154,AQ154,AN154,AK154,AH154,AE154,AB154,Y154,V154,S154,P154,M154,CV154) -> 0 | DH154: =MAX($CN$2:$CY$2)-DD154 -> 31 | DI154: =MAX($CN$2:$CY$2)-DE154 -> 31 | DJ154: =MAX($CN$2:$CY$2)-DF154 -> 31
A155: 152 | B155: =IF(C155<>F155,"?","") | C155: 8B | F155: 8B | G155: 2305278559 | H155: 6881036421 | J155: Kơ Dơng Mận Nhu | DD155: =COUNTA(CW155,CQ155,CN155,CK155,CH155,CB155,CE155,BY155,BV155,BS155,BP155,BM155,BJ155,BG155,BD155,BA155,AX155,AU155,AR155,AO155,AL155,AI155,AF155,AC155,Z155,W155,T155,Q155,N155,K155,CT155) -> 0 | DE155: =COUNTA(CX155,CR155,CO155,CL155,CI155,CC155,CF155,BZ155,BW155,BT155,BQ155,BN155,BK155,BH155,BE155,BB155,AY155,AV155,AS155,AP155,AM155,AJ155,AG155,AD155,AA155,X155,U155,R155,O155,L155,CU155) -> 0 | DF155: =COUNTA(CY155,CS155,CP155,CM155,CJ155,CD155,CG155,CA155,BX155,BU155,BR155,BO155,BL155,BI155,BF155,BC155,AZ155,AW155,AT155,AQ155,AN155,AK155,AH155,AE155,AB155,Y155,V155,S155,P155,M155,CV155) -> 0 | DH155: =MAX($CN$2:$CY$2)-DD155 -> 31 | DI155: =MAX($CN$2:$CY$2)-DE155 -> 31 | DJ155: =MAX($CN$2:$CY$2)-DF155 -> 31
A156: 153 | B156: =IF(C156<>F156,"?","") | C156: 8B | F156: 8B | G156: 2305277063 | H156: 6881036422 | J156: Liêng Hót Đa Ny | DD156: =COUNTA(CW156,CQ156,CN156,CK156,CH156,CB156,CE156,BY156,BV156,BS156,BP156,BM156,BJ156,BG156,BD156,BA156,AX156,AU156,AR156,AO156,AL156,AI156,AF156,AC156,Z156,W156,T156,Q156,N156,K156,CT156) -> 0 | DE156: =COUNTA(CX156,CR156,CO156,CL156,CI156,CC156,CF156,BZ156,BW156,BT156,BQ156,BN156,BK156,BH156,BE156,BB156,AY156,AV156,AS156,AP156,AM156,AJ156,AG156,AD156,AA156,X156,U156,R156,O156,L156,CU156) -> 0 | DF156: =COUNTA(CY156,CS156,CP156,CM156,CJ156,CD156,CG156,CA156,BX156,BU156,BR156,BO156,BL156,BI156,BF156,BC156,AZ156,AW156,AT156,AQ156,AN156,AK156,AH156,AE156,AB156,Y156,V156,S156,P156,M156,CV156) -> 0 | DH156: =MAX($CN$2:$CY$2)-DD156 -> 31 | DI156: =MAX($CN$2:$CY$2)-DE156 -> 31 | DJ156: =MAX($CN$2:$CY$2)-DF156 -> 31
A157: 154 | B157: =IF(C157<>F157,"?","") | C157: 8B | F157: 8B | G157: 2305268131 | H157: 6881036423 | J157: Rơ Ông Kim Oanh | DD157: =COUNTA(CW157,CQ157,CN157,CK157,CH157,CB157,CE157,BY157,BV157,BS157,BP157,BM157,BJ157,BG157,BD157,BA157,AX157,AU157,AR157,AO157,AL157,AI157,AF157,AC157,Z157,W157,T157,Q157,N157,K157,CT157) -> 0 | DE157: =COUNTA(CX157,CR157,CO157,CL157,CI157,CC157,CF157,BZ157,BW157,BT157,BQ157,BN157,BK157,BH157,BE157,BB157,AY157,AV157,AS157,AP157,AM157,AJ157,AG157,AD157,AA157,X157,U157,R157,O157,L157,CU157) -> 0 | DF157: =COUNTA(CY157,CS157,CP157,CM157,CJ157,CD157,CG157,CA157,BX157,BU157,BR157,BO157,BL157,BI157,BF157,BC157,AZ157,AW157,AT157,AQ157,AN157,AK157,AH157,AE157,AB157,Y157,V157,S157,P157,M157,CV157) -> 0 | DH157: =MAX($CN$2:$CY$2)-DD157 -> 31 | DI157: =MAX($CN$2:$CY$2)-DE157 -> 31 | DJ157: =MAX($CN$2:$CY$2)-DF157 -> 31
A158: 155 | B158: =IF(C158<>F158,"?","") | C158: 8B | F158: 8B | G158: 2305269889 | H158: 6881036424 | J158: Cil Mup Sara | DD158: =COUNTA(CW158,CQ158,CN158,CK158,CH158,CB158,CE158,BY158,BV158,BS158,BP158,BM158,BJ158,BG158,BD158,BA158,AX158,AU158,AR158,AO158,AL158,AI158,AF158,AC158,Z158,W158,T158,Q158,N158,K158,CT158) -> 0 | DE158: =COUNTA(CX158,CR158,CO158,CL158,CI158,CC158,CF158,BZ158,BW158,BT158,BQ158,BN158,BK158,BH158,BE158,BB158,AY158,AV158,AS158,AP158,AM158,AJ158,AG158,AD158,AA158,X158,U158,R158,O158,L158,CU158) -> 0 | DF158: =COUNTA(CY158,CS158,CP158,CM158,CJ158,CD158,CG158,CA158,BX158,BU158,BR158,BO158,BL158,BI158,BF158,BC158,AZ158,AW158,AT158,AQ158,AN158,AK158,AH158,AE158,AB158,Y158,V158,S158,P158,M158,CV158) -> 0 | DH158: =MAX($CN$2:$CY$2)-DD158 -> 31 | DI158: =MAX($CN$2:$CY$2)-DE158 -> 31 | DJ158: =MAX($CN$2:$CY$2)-DF158 -> 31
A159: 156 | B159: =IF(C159<>F159,"?","") | C159: 8B | F159: 8B | G159: 2305267084 | H159: 6881036425 | J159: Kơ Să Lu Se | DD159: =COUNTA(CW159,CQ159,CN159,CK159,CH159,CB159,CE159,BY159,BV159,BS159,BP159,BM159,BJ159,BG159,BD159,BA159,AX159,AU159,AR159,AO159,AL159,AI159,AF159,AC159,Z159,W159,T159,Q159,N159,K159,CT159) -> 0 | DE159: =COUNTA(CX159,CR159,CO159,CL159,CI159,CC159,CF159,BZ159,BW159,BT159,BQ159,BN159,BK159,BH159,BE159,BB159,AY159,AV159,AS159,AP159,AM159,AJ159,AG159,AD159,AA159,X159,U159,R159,O159,L159,CU159) -> 0 | DF159: =COUNTA(CY159,CS159,CP159,CM159,CJ159,CD159,CG159,CA159,BX159,BU159,BR159,BO159,BL159,BI159,BF159,BC159,AZ159,AW159,AT159,AQ159,AN159,AK159,AH159,AE159,AB159,Y159,V159,S159,P159,M159,CV159) -> 0 | DH159: =MAX($CN$2:$CY$2)-DD159 -> 31 | DI159: =MAX($CN$2:$CY$2)-DE159 -> 31 | DJ159: =MAX($CN$2:$CY$2)-DF159 -> 31
A160: 157 | B160: =IF(C160<>F160,"?","") | C160: 8B | F160: 8B | G160: 2305278493 | H160: 6881036426 | J160: Kơ Să An Sơn | K160: vn | L160: vn | DD160: =COUNTA(CW160,CQ160,CN160,CK160,CH160,CB160,CE160,BY160,BV160,BS160,BP160,BM160,BJ160,BG160,BD160,BA160,AX160,AU160,AR160,AO160,AL160,AI160,AF160,AC160,Z160,W160,T160,Q160,N160,K160,CT160) -> 1 | DE160: =COUNTA(CX160,CR160,CO160,CL160,CI160,CC160,CF160,BZ160,BW160,BT160,BQ160,BN160,BK160,BH160,BE160,BB160,AY160,AV160,AS160,AP160,AM160,AJ160,AG160,AD160,AA160,X160,U160,R160,O160,L160,CU160) -> 1 | DF160: =COUNTA(CY160,CS160,CP160,CM160,CJ160,CD160,CG160,CA160,BX160,BU160,BR160,BO160,BL160,BI160,BF160,BC160,AZ160,AW160,AT160,AQ160,AN160,AK160,AH160,AE160,AB160,Y160,V160,S160,P160,M160,CV160) -> 0 | DH160: =MAX($CN$2:$CY$2)-DD160 -> 30 | DI160: =MAX($CN$2:$CY$2)-DE160 -> 30 | DJ160: =MAX($CN$2:$CY$2)-DF160 -> 31
A161: 158 | B161: =IF(C161<>F161,"?","") | C161: 8B | F161: 8B | G161: 2305267606 | H161: 6881036427 | J161: Lơ Mu Sê Tha | DD161: =COUNTA(CW161,CQ161,CN161,CK161,CH161,CB161,CE161,BY161,BV161,BS161,BP161,BM161,BJ161,BG161,BD161,BA161,AX161,AU161,AR161,AO161,AL161,AI161,AF161,AC161,Z161,W161,T161,Q161,N161,K161,CT161) -> 0 | DE161: =COUNTA(CX161,CR161,CO161,CL161,CI161,CC161,CF161,BZ161,BW161,BT161,BQ161,BN161,BK161,BH161,BE161,BB161,AY161,AV161,AS161,AP161,AM161,AJ161,AG161,AD161,AA161,X161,U161,R161,O161,L161,CU161) -> 0 | DF161: =COUNTA(CY161,CS161,CP161,CM161,CJ161,CD161,CG161,CA161,BX161,BU161,BR161,BO161,BL161,BI161,BF161,BC161,AZ161,AW161,AT161,AQ161,AN161,AK161,AH161,AE161,AB161,Y161,V161,S161,P161,M161,CV161) -> 0 | DH161: =MAX($CN$2:$CY$2)-DD161 -> 31 | DI161: =MAX($CN$2:$CY$2)-DE161 -> 31 | DJ161: =MAX($CN$2:$CY$2)-DF161 -> 31
A162: 159 | B162: =IF(C162<>F162,"?","") | C162: 8B | F162: 8B | G162: 2305278581 | H162: 6881036428 | J162: Rơ Ông Ha Tình | DD162: =COUNTA(CW162,CQ162,CN162,CK162,CH162,CB162,CE162,BY162,BV162,BS162,BP162,BM162,BJ162,BG162,BD162,BA162,AX162,AU162,AR162,AO162,AL162,AI162,AF162,AC162,Z162,W162,T162,Q162,N162,K162,CT162) -> 0 | DE162: =COUNTA(CX162,CR162,CO162,CL162,CI162,CC162,CF162,BZ162,BW162,BT162,BQ162,BN162,BK162,BH162,BE162,BB162,AY162,AV162,AS162,AP162,AM162,AJ162,AG162,AD162,AA162,X162,U162,R162,O162,L162,CU162) -> 0 | DF162: =COUNTA(CY162,CS162,CP162,CM162,CJ162,CD162,CG162,CA162,BX162,BU162,BR162,BO162,BL162,BI162,BF162,BC162,AZ162,AW162,AT162,AQ162,AN162,AK162,AH162,AE162,AB162,Y162,V162,S162,P162,M162,CV162) -> 0 | DH162: =MAX($CN$2:$CY$2)-DD162 -> 31 | DI162: =MAX($CN$2:$CY$2)-DE162 -> 31 | DJ162: =MAX($CN$2:$CY$2)-DF162 -> 31
A163: 160 | B163: =IF(C163<>F163,"?","") | C163: 9A | F163: 9A | G163: 2203068147 | H163: 6871106188 | J163: Liêng Jrang Ka Belem | DD163: =COUNTA(CW163,CQ163,CN163,CK163,CH163,CB163,CE163,BY163,BV163,BS163,BP163,BM163,BJ163,BG163,BD163,BA163,AX163,AU163,AR163,AO163,AL163,AI163,AF163,AC163,Z163,W163,T163,Q163,N163,K163,CT163) -> 0 | DE163: =COUNTA(CX163,CR163,CO163,CL163,CI163,CC164,CF163,BZ163,BW163,BT163,BQ163,BN163,BK163,BH163,BE163,BB163,AY163,AV163,AS163,AP163,AM163,AJ163,AG163,AD163,AA163,X163,U163,R163,O163,L163,CU163) -> 0 | DF163: =COUNTA(CY163,CS163,CP163,CM163,CJ163,CD163,CG163,CA163,BX163,BU163,BR163,BO163,BL163,BI163,BF163,BC163,AZ163,AW163,AT163,AQ163,AN163,AK163,AH163,AE163,AB163,Y163,V163,S163,P163,M163,CV163) -> 0 | DH163: =MAX($CN$2:$CY$2)-DD163 -> 31 | DI163: =MAX($CN$2:$CY$2)-DE163 -> 31 | DJ163: =MAX($CN$2:$CY$2)-DF163 -> 31
